Source,Target,Type,Relation
Punit Malhotra,Suneel_Darshan,Directed,PARENT
Punit Malhotra,Dharmesh_Darshan,Directed,PARENT
Punit Malhotra,David_Dhawan,Directed,PARENT
Punit Malhotra,Varun_Dhawan,Directed,COUSIN
Punit Malhotra,Manish_Malhotra,Directed,UNCLE
Shashi_Kapoor,Jennifer_Kendal,Directed,SPOUSE
Shashi_Kapoor,"Kunal_Kapoor_(actor,_born_1959)",Directed,CHILD
Shashi_Kapoor,Karan_Kapoor,Directed,CHILD
Shashi_Kapoor,Sanjana_Kapoor,Directed,CHILD
Shashi_Kapoor,Prithviraj_Kapoor,Directed,PARENT
Shashi_Kapoor,Kapoor_family,Directed,RELATIVE
Rajiv Kapoor,terminal_Rajiv Kapoor_Aarti_Jha_m_2001_div_2003,Directed,SPOUSE
Rajiv Kapoor,Raj_Kapoor,Directed,PARENT
Rajiv Kapoor,Kapoor_family,Directed,RELATIVE
Karisma Kapoor,Sunjay_Kapur,Directed,SPOUSE
Karisma Kapoor,Randhir_Kapoor,Directed,PARENT
Karisma Kapoor,Babita_Kapoor,Directed,PARENT
Karisma Kapoor,Kapoor_family,Directed,RELATIVE
Piyush Jha,terminal_Piyush Jha_Priyanka_Sinha_Jha,Directed,SPOUSE
Kareena Kapoor Khan,Saif_Ali_Khan,Directed,SPOUSE
Kareena Kapoor Khan,Kapoor_family,Directed,RELATIVE
Kareena Kapoor Khan,Pataudi_family,Directed,RELATIVE
Dharmesh_Darshan,Bhatt_family,Directed,RELATIVE
R. Balki,Gauri_Shinde,Directed,SPOUSE
Hemant Madhukar,terminal_Hemant Madhukar_Tripta_Madhukar,Directed,SPOUSE
Soni_Razdan,Mahesh_Bhatt,Directed,SPOUSE
Soni_Razdan,Alia_Bhatt,Directed,CHILD
Soni_Razdan,Bhatt_family,Directed,RELATIVE
Jennifer_Kendal,"Kunal_Kapoor_(actor,_born_1959)",Directed,CHILD
Jennifer_Kendal,Karan_Kapoor,Directed,CHILD
Jennifer_Kendal,Sanjana_Kapoor,Directed,CHILD
Jennifer_Kendal,Felicity_Kendal,Directed,SIBLING
Jennifer_Kendal,Kapoor_family,Directed,SIBLING
Joe Rajan,terminal_Joe Rajan_Rochelle_D_Souza,Directed,SPOUSE
Raj_Kapoor,terminal_Raj Kapoor_Krishna_Malhotra_m_1946,Directed,SPOUSE
Raj_Kapoor,Randhir_Kapoor,Directed,CHILD
Raj_Kapoor,Rishi_Kapoor,Directed,CHILD
Raj_Kapoor,Rajiv_Kapoor,Directed,CHILD
Raj_Kapoor,Prithviraj_Kapoor,Directed,PARENT
Raj_Kapoor,terminal_Raj Kapoor_Ramsarni_Mehra_Kapoor_mother,Directed,PARENT
Raj_Kapoor,Kapoor_family,Directed,RELATIVE
Subhash Ghai,terminal_Subhash Ghai_Mukta_Ghai_m_1970,Directed,SPOUSE
Nanabhai_Bhatt,terminal_Nanabhai Bhatt_Hemlata_Bhatt,Directed,SPOUSE
Nanabhai_Bhatt,Mahesh_Bhatt,Directed,CHILD
Nanabhai_Bhatt,Mukesh_Bhatt,Directed,CHILD
Nanabhai_Bhatt,Robin_Bhatt,Directed,CHILD
Nanabhai_Bhatt,Bhatt_family,Directed,RELATIVE
Shyam_Benegal,terminal_Shyam Benegal_Nira_Benegal,Directed,SPOUSE
Shyam_Benegal,Guru_Dutt,Directed,COUSIN
Aditya_Bhattacharya,Sanjana_Kapoor,Directed,SPOUSE
Aditya_Bhattacharya,Basu_Bhattacharya,Directed,PARENT
Aditya_Bhattacharya,Rinki_Bhattacharya,Directed,PARENT
Chetan Anand (director),Uma_Anand,Directed,SPOUSE
Chetan Anand (director),Ketan_Anand,Directed,CHILD
Chetan Anand (director),List_of_Hindi_film_clans#Anand-Sahni_family,Directed,RELATIVE
Chetan Anand (director),Anand_family,Directed,RELATIVE
Shagufta Rafique,Sayeeda_Khan,Directed,SIBLING
Himanshu_Rai,Devika_Rani,Directed,SPOUSE
Himanshu_Rai,terminal_Himanshu Rai_Nilima_Dietze_Hainlin_1926_1997,Directed,CHILD
Girish Karnad,terminal_Girish Karnad_Saraswathy_Ganapathy,Directed,SPOUSE
Girish Karnad,Raghu_Karnad,Directed,CHILD
Aishwarya Rai Bachchan,Abhishek_Bachchan,Directed,SPOUSE
Aishwarya Rai Bachchan,Bachchan_family,Directed,RELATIVE
Kamal_Amrohi,Meena_Kumari,Directed,SPOUSE
Nikkhil Advani,terminal_Nikkhil Advani_Suparna_Gupta,Directed,SPOUSE
Asrani,Manju_Asrani,Directed,SPOUSE
Rajat Kapoor,terminal_Rajat Kapoor_Meenal_Agarwal_m_1996,Directed,SPOUSE
Valmik_Thapar,Sanjana_Kapoor,Directed,SPOUSE
Valmik_Thapar,terminal_Valmik Thapar_Hamir_Thapar,Directed,CHILD
Valmik_Thapar,Romesh_Thapar,Directed,PARENT
Valmik_Thapar,Romila_Thapar,Directed,AUNT
Valmik_Thapar,Daya_Ram_Thapar,Directed,AUNT
Valmik_Thapar,Pran_Nath_Thapar,Directed,AUNT
Shammi_Kapoor,Geeta_Bali,Directed,SPOUSE
Shammi_Kapoor,Aditya_Raj_Kapoor,Directed,CHILD
Shammi_Kapoor,Prithviraj_Kapoor,Directed,PARENT
Shammi_Kapoor,terminal_Shammi Kapoor_Ramsarni_Mehra_Kapoor_mother,Directed,PARENT
Shammi_Kapoor,Kapoor_family,Directed,RELATIVE
Subbiraj,Kumari_Naaz,Directed,SPOUSE
Ketan_Anand,Chetan_Anand_(director),Directed,PARENT
Ketan_Anand,Uma_Anand,Directed,PARENT
Ketan_Anand,Anand_family,Directed,RELATIVE
Sanjana Kapoor,Aditya_Bhattacharya,Directed,SPOUSE
Sanjana Kapoor,Valmik_Thapar,Directed,SPOUSE
Sanjana Kapoor,Kapoor_family,Directed,RELATIVE
"Mazhar Khan (actor, born 1955)","terminal_Mazhar Khan (actor, born 1955)_Rubaina_Separated",Directed,SPOUSE
"Mazhar Khan (actor, born 1955)",Zeenat_Aman,Directed,SPOUSE
Karan Kapoor,terminal_Karan Kapoor_Lorna_Kapoor,Directed,SPOUSE
Karan Kapoor,Kapoor_family,Directed,RELATIVE
Indrajit Nattoji,terminal_Indrajit Nattoji_Nandita_Nattoji,Directed,SPOUSE
Amjad Khan (actor),terminal_Amjad Khan (actor)_Shehla_Khan,Directed,SPOUSE
Amjad Khan (actor),Shadaab_Khan,Directed,CHILD
Amjad Khan (actor),Jayant_(actor),Directed,PARENT
Amjad Khan (actor),Imtiaz_Khan,Directed,SIBLING
Amjad Khan (actor),Akhtar_ul_Iman,Directed,SIBLING
Amjad Khan (actor),Zafar_Karachiwala,Directed,SIBLING
Yogesh Mittal,terminal_Yogesh Mittal_Shilpa_Mittal_2013_present,Directed,SPOUSE
Surinder_Kapoor,terminal_Surinder Kapoor_Nirmal_Kapoor_m_1955,Directed,SPOUSE
Surinder_Kapoor,Boney_Kapoor,Directed,CHILD
Surinder_Kapoor,Anil_Kapoor,Directed,CHILD
Surinder_Kapoor,Sanjay_Kapoor,Directed,CHILD
Surinder_Kapoor,Prithviraj_Kapoor,Directed,COUSIN
Surinder_Kapoor,List_of_Hindi_film_families#Kapoor_family_(of_Surinder_Kapoor),Directed,COUSIN
Kalpana_Lajmi,Lalita_Lajmi,Directed,PARENT
Kalpana_Lajmi,Guru_Dutt,Directed,UNCLE
Kalpana_Lajmi,Atma_Ram_(director),Directed,UNCLE
Sombhu Mitra,Tripti_Mitra,Directed,SPOUSE
Sombhu Mitra,Shaoli_Mitra,Directed,CHILD
Sanjay Gadhvi,terminal_Sanjay Gadhvi_Gina,Directed,SPOUSE
Sajid Nadiadwala,Divya_Bharti,Directed,SPOUSE
Boney_Kapoor,Mona_Shourie_Kapoor,Directed,SPOUSE
Boney_Kapoor,Sridevi,Directed,SPOUSE
Boney_Kapoor,Arjun_Kapoor,Directed,CHILD
Boney_Kapoor,Janhvi_Kapoor,Directed,CHILD
Boney_Kapoor,Khushi_Kapoor,Directed,CHILD
Boney_Kapoor,Surinder_Kapoor,Directed,PARENT
Boney_Kapoor,List_of_Hindi_film_families#Kapoor_family_(of_Surinder_Kapoor),Directed,RELATIVE
Ravi Chopra,terminal_Ravi Chopra_Renu_Chopra_m_1975,Directed,SPOUSE
Ravi Chopra,B.R._Chopra,Directed,PARENT
Ravi Chopra,List_of_Hindi_film_clans#Chopra_family,Directed,RELATIVE
Guru_Dutt,Geeta_Dutt,Directed,SPOUSE
Guru_Dutt,Atma_Ram_(director),Directed,SIBLING
Guru_Dutt,Lalita_Lajmi,Directed,SIBLING
Guru_Dutt,Kalpana_Lajmi,Directed,NIECE
Smilie Suri,Bhatt_family,Directed,RELATIVE
S. A. Chandrasekhar,Shoba_Chandrasekhar,Directed,SPOUSE
S. A. Chandrasekhar,Vijay_(actor),Directed,CHILD
S. A. Chandrasekhar,Vikranth,Directed,NEPHEW
S. A. Chandrasekhar,S._N._Surendar,Directed,NEPHEW
Kashinath (actor),terminal_Kashinath (actor)_Chandraprabha,Directed,SPOUSE
Aditya Raj Kapoor,terminal_Aditya Raj Kapoor_Priti_Kapoor_m_1982,Directed,SPOUSE
Aditya Raj Kapoor,Shammi_Kapoor,Directed,PARENT
Aditya Raj Kapoor,Geeta_Bali,Directed,PARENT
Aditya Raj Kapoor,Kapoor_family,Directed,RELATIVE
Janhvi Kapoor,Boney_Kapoor,Directed,PARENT
Janhvi Kapoor,Sridevi,Directed,PARENT
Janhvi Kapoor,List_of_Hindi_film_families#Kapoor_family_(of_Surinder_Kapoor),Directed,RELATIVE
Babita,Randhir_Kapoor,Directed,SPOUSE
Babita,Karisma_Kapoor,Directed,CHILD
Babita,Kareena_Kapoor_Khan,Directed,CHILD
Babita,Kapoor_family,Directed,RELATIVE
Agathiyan,Vijayalakshmi_Agathiyan,Directed,CHILD
Agathiyan,Niranjani_Ahathian,Directed,CHILD
Agathiyan,Thiru_(director),Directed,CHILD
I. S. Johar,Sonia_Sahni,Directed,SPOUSE
I. S. Johar,terminal_I. S. Johar_and_three_others,Directed,SPOUSE
Siddharth P. Malhotra,Prem_Kishen,Directed,PARENT
Siddharth P. Malhotra,Prem_Nath,Directed,PARENT
Siddharth P. Malhotra,Rajendra_Nath,Directed,PARENT
Siddharth P. Malhotra,Narendra_Nath,Directed,PARENT
Ramkumar Bohra,terminal_Ramkumar Bohra_Madankumari_Bohra_m_1932_died_1991,Directed,SPOUSE
Ramkumar Bohra,Karanvir_Bohra,Directed,CHILD
Abhishek Pathak,Shivaleeka_Oberoi,Directed,SPOUSE
Abhishek Pathak,terminal_Abhishek Pathak_Kumar_Mangat_Pathak_father,Directed,PARENT
Abhishek Pathak,terminal_Abhishek Pathak_Neelam_Pathak_mother,Directed,PARENT
Abhishek Pathak,Amita_Pathak,Directed,SIBLING
Khushi Kapoor,Boney_Kapoor,Directed,PARENT
Khushi Kapoor,Sridevi,Directed,PARENT
Khushi Kapoor,List_of_Hindi_film_families#Kapoor_family_(of_Surinder_Kapoor),Directed,RELATIVE
Harivansh_Rai_Bachchan,Teji_Bachchan,Directed,SPOUSE
Harivansh_Rai_Bachchan,Amitabh_Bachchan,Directed,CHILD
Harivansh_Rai_Bachchan,Bachchan_family,Directed,RELATIVE
Harsh Varrdhan Kapoor,Anil_Kapoor,Directed,PARENT
Harsh Varrdhan Kapoor,List_of_Hindi_film_families#Kapoor_family_(of_Surinder_Kapoor),Directed,RELATIVE
Udita_Goswami,Mohit_Suri,Directed,SPOUSE
Udita_Goswami,Bhatt_family,Directed,RELATIVE
Imtiaz Ali (director),terminal_Imtiaz Ali (director)_Preety_Ali_m_1995,Directed,SPOUSE
Imtiaz Ali (director),Khalid_Ahmed,Directed,UNCLE
J. P. Dutta,Bindiya_Goswami,Directed,SPOUSE
Mahesh_Bhatt,terminal_Mahesh Bhatt_Lorraine_Bright_m_1970,Directed,SPOUSE
Mahesh_Bhatt,Nanabhai_Bhatt,Directed,PARENT
Mahesh_Bhatt,Bhatt_family,Directed,RELATIVE
Saif_Ali_Khan,Amrita_Singh,Directed,SPOUSE
Saif_Ali_Khan,Kareena_Kapoor,Directed,SPOUSE
Saif_Ali_Khan,Sara_Ali_Khan,Directed,CHILD
Saif_Ali_Khan,Ibrahim_Ali_Khan_(actor),Directed,CHILD
Saif_Ali_Khan,Mansoor_Ali_Khan_Pataudi,Directed,PARENT
Saif_Ali_Khan,Sharmila_Tagore,Directed,PARENT
Saif_Ali_Khan,Pataudi_family,Directed,RELATIVE
Lawrence D'Souza,terminal_Lawrence D'Souza_Andria_D_Souza,Directed,CHILD
Robin_Bhatt,Nanabhai_Bhatt,Directed,PARENT
Robin_Bhatt,terminal_Robin Bhatt_Hemlata_Bhatt_mother,Directed,PARENT
Robin_Bhatt,Bhatt_family,Directed,RELATIVE
Rahul Bhatt,Bhatt_family,Directed,RELATIVE
Teji_Bachchan,Amitabh_Bachchan,Directed,CHILD
Teji_Bachchan,Bachchan_family,Directed,RELATIVE
Eeshwar Nivas,terminal_Eeshwar Nivas_Priyanka,Directed,SPOUSE
Rishi Kapoor,Neetu_Singh,Directed,SPOUSE
Rishi Kapoor,Ranbir_Kapoor,Directed,CHILD
Rishi Kapoor,Raj_Kapoor,Directed,PARENT
Rishi Kapoor,Kapoor_family,Directed,RELATIVE
Ravindra_Kapoor,Kamal_Kapoor,Directed,SIBLING
Ravindra_Kapoor,Prithviraj_Kapoor,Directed,COUSIN
Ravindra_Kapoor,Kapil_Kapoor,Directed,NEPHEW
Ravindra_Kapoor,Kapoor_family,Directed,RELATIVE
Ravindra_Kapoor,List_of_Hindi_film_families#Behl_family,Directed,RELATIVE
Pooja Bhatt,Manish_Makhija,Directed,SPOUSE
Pooja Bhatt,Mahesh_Bhatt,Directed,PARENT
Pooja Bhatt,Bhatt_family,Directed,RELATIVE
Shomu_Mukherjee,Tanuja,Directed,SPOUSE
Shomu_Mukherjee,Kajol,Directed,CHILD
Shomu_Mukherjee,Tanisha_Mukherjee,Directed,CHILD
Shomu_Mukherjee,Ram_Mukherjee,Directed,RELATIVE
Shomu_Mukherjee,Mukherjee-Samarth_family,Directed,RELATIVE
Shomu_Mukherjee,Ganguly_family,Directed,RELATIVE
Rhea Kapoor,terminal_Rhea Kapoor_Karan_Boolani_m_2021,Directed,SPOUSE
Rhea Kapoor,List_of_Hindi_film_families#Kapoor_family_(of_Surinder_Kapoor),Directed,RELATIVE
"Kunal Kapoor (actor, born 1959)","terminal_Kunal Kapoor (actor, born 1959)_Sheena_Sippy_divorced",Directed,SPOUSE
Mona_Shourie_Kapoor,Arjun_Kapoor,Directed,CHILD
Nikhil_Nanda,Shweta_Bachchan_Nanda,Directed,SPOUSE
Nikhil_Nanda,Kapoor_family,Directed,RELATIVE
Nikhil_Nanda,Bachchan_family,Directed,RELATIVE
Abhishek Jain,terminal_Abhishek Jain_Nayan_Jain_Brother,Directed,SIBLING
Bejoy Nambiar,Juhi_Babbar,Directed,SPOUSE
Bejoy Nambiar,Sheetal_Menon,Directed,SPOUSE
Shimit Amin,Megha_Ramaswamy,Directed,SPOUSE
Sanjay_Kapoor,terminal_Sanjay Kapoor_Maheep_Kapoor_m_1997,Directed,SPOUSE
Sanjay_Kapoor,Surinder_Kapoor,Directed,PARENT
Sanjay_Kapoor,List_of_Hindi_film_families#Kapoor_family_(of_Surinder_Kapoor),Directed,RELATIVE
Tinnu Anand,terminal_Tinnu Anand_Shahnaz_Anand,Directed,SPOUSE
Tinnu Anand,terminal_Tinnu Anand_2_Isha_Anand_Diksha_Anand,Directed,CHILD
Tinnu Anand,Inder_Raj_Anand,Directed,PARENT
Tinnu Anand,Siddharth_Anand,Directed,NEPHEW
Tinnu Anand,Mukul_Anand,Directed,NEPHEW
Tinnu Anand,Agha_(actor),Directed,NEPHEW
Tinnu Anand,Jalal_Agha,Directed,NEPHEW
Gulzar,Rakhee_Gulzar,Directed,SPOUSE
Gulzar,Meghna_Gulzar,Directed,CHILD
Anurag Kashyap,Aarti_Bajaj,Directed,SPOUSE
Anurag Kashyap,Kalki_Koechlin,Directed,SPOUSE
Anurag Kashyap,Abhinav_Kashyap,Directed,SIBLING
Hema_Malini,Dharmendra,Directed,SPOUSE
Hema_Malini,Esha_Deol,Directed,CHILD
Hema_Malini,List_of_Hindi_film_clans#Deol_family,Directed,RELATIVE
Abhishek_Bachchan,Aishwarya_Rai,Directed,SPOUSE
Abhishek_Bachchan,Amitabh_Bachchan,Directed,PARENT
Abhishek_Bachchan,Jaya_Bhaduri,Directed,PARENT
Abhishek_Bachchan,Bachchan_family,Directed,RELATIVE
Vikram Bhatt,Pravin_Bhatt,Directed,PARENT
Vikram Bhatt,Vijay_Bhatt,Directed,PARENT
Vikram Bhatt,Arun_Bhatt,Directed,PARENT
Vikram Bhatt,Chirantan_Bhatt,Directed,PARENT
Vikram Bhatt,List_of_Hindi_film_families#Bhatt_family_(of_Vijay_Bhatt),Directed,RELATIVE
Geeta_Bali,Aditya_Raj_Kapoor,Directed,CHILD
Geeta_Bali,Kapoor_family,Directed,RELATIVE
Anil_Kapoor,terminal_Anil Kapoor_Sunita_Bhavnani_m_1984,Directed,SPOUSE
Anil_Kapoor,Sonam_Kapoor,Directed,CHILD
Anil_Kapoor,Rhea_Kapoor,Directed,CHILD
Anil_Kapoor,Harsh_Varrdhan_Kapoor,Directed,CHILD
Anil_Kapoor,Surinder_Kapoor,Directed,PARENT
Anil_Kapoor,List_of_Hindi_film_families#Kapoor_family_(of_Surinder_Kapoor),Directed,RELATIVE
Ajay Devgn,Kajol,Directed,SPOUSE
Ajay Devgn,Veeru_Devgan,Directed,PARENT
Ajay Devgn,Devgan_family,Directed,RELATIVE
Ajay Devgn,Mukherjee-Samarth_family,Directed,RELATIVE
Zahan Kapoor,"Kunal_Kapoor_(actor,_born_1959)",Directed,PARENT
Zahan Kapoor,Kapoor_family,Directed,RELATIVE
Zoya_Akhtar,Javed_Akhtar,Directed,PARENT
Zoya_Akhtar,Honey_Irani,Directed,PARENT
Zoya_Akhtar,List_of_Hindi_film_clans#Akhtar–Azmi–_family,Directed,RELATIVE
Kunal Kohli,terminal_Kunal Kohli_Ravina_Kohli,Directed,SPOUSE
Kunal Kohli,terminal_Kunal Kohli_1_daughter,Directed,CHILD
Kunal Kohli,David_Dhawan,Directed,UNCLE
Kunal Kohli,Varun_Dhawan,Directed,UNCLE
Kunal Kohli,Rohit_Dhawan,Directed,UNCLE
Ashutosh_Gowariker,Sunita_Gowariker,Directed,SPOUSE
A. Bhimsingh,Sukumari,Directed,SPOUSE
A. Bhimsingh,B._Lenin,Directed,CHILD
A. Bhimsingh,B._Kannan,Directed,CHILD
A. Bhimsingh,List_of_South_Indian_film_families#Travancore_family,Directed,RELATIVE
Arjun Kapoor,Boney_Kapoor,Directed,PARENT
Arjun Kapoor,Mona_Shourie,Directed,PARENT
Arjun Kapoor,List_of_Hindi_film_families#Kapoor_family_(of_Surinder_Kapoor),Directed,RELATIVE
Emraan Hashmi,terminal_Emraan Hashmi_Parveen_Shahani_m_2006,Directed,SPOUSE
Emraan Hashmi,Bhatt_family,Directed,RELATIVE
Neetu_Singh,Rishi_Kapoor,Directed,SPOUSE
Neetu_Singh,Ranbir_Kapoor,Directed,CHILD
Neetu_Singh,Kapoor_family,Directed,RELATIVE
Nitya Mehra,terminal_Nitya Mehra_Karan_Kapadiya_m_2015,Directed,SPOUSE
Alia_Bhatt,Ranbir_Kapoor,Directed,SPOUSE
Alia_Bhatt,Mahesh_Bhatt,Directed,PARENT
Alia_Bhatt,Soni_Razdan,Directed,PARENT
Alia_Bhatt,Bhatt_family,Directed,RELATIVE
Alia_Bhatt,Kapoor_family,Directed,RELATIVE
Ranbir Kapoor,Alia_Bhatt,Directed,SPOUSE
Ranbir Kapoor,Rishi_Kapoor,Directed,PARENT
Ranbir Kapoor,Neetu_Singh,Directed,PARENT
Ranbir Kapoor,Kapoor_family,Directed,RELATIVE
Jaya Bachchan,Amitabh_Bachchan,Directed,SPOUSE
Jaya Bachchan,Shweta_Bachchan_Nanda,Directed,CHILD
Jaya Bachchan,Abhishek_Bachchan,Directed,CHILD
Jaya Bachchan,Bachchan_family,Directed,RELATIVE
Vijay Kapoor,terminal_Vijay Kapoor_Veena_Kapoor_m_1963,Directed,SPOUSE
Vijay Kapoor,Kapoor_family,Directed,RELATIVE
Randhir_Kapoor,Karisma_Kapoor,Directed,CHILD
Randhir_Kapoor,Kareena_Kapoor_Khan,Directed,CHILD
Randhir_Kapoor,Raj_Kapoor,Directed,PARENT
Randhir_Kapoor,Kapoor_family,Directed,RELATIVE
Trilok Kapoor,Kapoor_family,Directed,RELATIVE
Sonam Kapoor,terminal_Sonam Kapoor_Anand_Ahuja_m_2018,Directed,SPOUSE
Sonam Kapoor,Anil_Kapoor,Directed,PARENT
Sonam Kapoor,List_of_Hindi_film_families#Kapoor_family_(of_Surinder_Kapoor),Directed,RELATIVE
Kamal_Kapoor,terminal_Kamal Kapoor_Suman_Devi_m_1945,Directed,SPOUSE
Kamal_Kapoor,terminal_Kamal Kapoor_5_including_Kapil_Kapoor,Directed,CHILD
Kamal_Kapoor,Prithviraj_Kapoor,Directed,SIBLING
Kamal_Kapoor,Ramesh_Behl,Directed,SIBLING
Kamal_Kapoor,Goldie_Behl,Directed,SIBLING
Kamal_Kapoor,Kapoor_family,Directed,RELATIVE
Kamal_Kapoor,List_of_Hindi_film_families#Behl_family,Directed,RELATIVE
Zahrah S. Khan,Rehmat_Khan,Directed,PARENT
Zahrah S. Khan,Salma_Agha,Directed,PARENT
Zahrah S. Khan,Khan_squash_family,Directed,RELATIVE
Prithviraj_Kapoor,terminal_Prithviraj Kapoor_Ramsarni_Mehra_m_1923,Directed,SPOUSE
Prithviraj_Kapoor,Raj_Kapoor,Directed,CHILD
Prithviraj_Kapoor,Shammi_Kapoor,Directed,CHILD
Prithviraj_Kapoor,Shashi_Kapoor,Directed,CHILD
Prithviraj_Kapoor,Kapoor_family,Directed,RELATIVE
Mohit_Suri,Bhatt_family,Directed,RELATIVE
Vishesh_Bhatt,Bhatt_family,Directed,RELATIVE
Salma_Agha,Jawed_Sheikh,Directed,SPOUSE
Salma_Agha,Rehmat_Khan,Directed,SPOUSE
Salma_Agha,Zara_Khan,Directed,CHILD
Salma_Agha,List_of_Hindi_film_families#Agha_family,Directed,RELATIVE
Shweta Bachchan Nanda,Nikhil_Nanda,Directed,SPOUSE
Shweta Bachchan Nanda,Amitabh_Bachchan,Directed,PARENT
Shweta Bachchan Nanda,Jaya_Bhaduri,Directed,PARENT
Shweta Bachchan Nanda,Bachchan_family,Directed,RELATIVE
Shweta Bachchan Nanda,Kapoor_family,Directed,RELATIVE
David_Dhawan,terminal_David_Dhawan_Karuna_Dhawan,Directed,SPOUSE
David_Dhawan,Rohit_Dhawan,Directed,CHILD
David_Dhawan,Varun_Dhawan,Directed,CHILD
David_Dhawan,List_of_Hindi_film_clans#Dhawan_family,Directed,RELATIVE
Varun_Dhawan,terminal_Varun_Dhawan_Natasha_Dalal_m_2021,Directed,SPOUSE
Varun_Dhawan,David_Dhawan,Directed,PARENT
Varun_Dhawan,terminal_Varun_Dhawan_Karuna_Dhawan_mother,Directed,PARENT
Varun_Dhawan,List_of_Hindi_film_clans#Dhawan_family,Directed,RELATIVE
"Kunal_Kapoor_(actor,_born_1959)","terminal_Kunal_Kapoor_(actor,_born_1959)_Sheena_Sippy_divorced",Directed,SPOUSE
Karan_Kapoor,terminal_Karan_Kapoor_Lorna_Kapoor,Directed,SPOUSE
Karan_Kapoor,Kapoor_family,Directed,RELATIVE
Sanjana_Kapoor,Kapoor_family,Directed,RELATIVE
Prithviraj_Kapoor,terminal_Prithviraj_Kapoor_Ramsarni_Mehra_m_1923,Directed,SPOUSE
Raj_Kapoor,terminal_Raj_Kapoor_Krishna_Malhotra_m_1946,Directed,SPOUSE
Raj_Kapoor,terminal_Raj_Kapoor_Ramsarni_Mehra_Kapoor_mother,Directed,PARENT
Sunjay_Kapur,Nandita_Mahtani,Directed,SPOUSE
Sunjay_Kapur,Karisma_Kapoor,Directed,SPOUSE
Babita_Kapoor,Randhir_Kapoor,Directed,SPOUSE
Babita_Kapoor,Karisma_Kapoor,Directed,CHILD
Babita_Kapoor,Kareena_Kapoor_Khan,Directed,CHILD
Babita_Kapoor,Kapoor_family,Directed,RELATIVE
Mahesh_Bhatt,terminal_Mahesh_Bhatt_Lorraine_Bright_m_1970,Directed,SPOUSE
Felicity_Kendal,Drewe_Henley,Directed,SPOUSE
Felicity_Kendal,Michael_Rudman,Directed,SPOUSE
Felicity_Kendal,Charley_Henley,Directed,CHILD
Felicity_Kendal,Geoffrey_Kendal,Directed,PARENT
Felicity_Kendal,terminal_Felicity_Kendal_Laura_Liddell_mother,Directed,PARENT
Rishi_Kapoor,Ranbir_Kapoor,Directed,CHILD
Rishi_Kapoor,Raj_Kapoor,Directed,PARENT
Rishi_Kapoor,Kapoor_family,Directed,RELATIVE
Rajiv_Kapoor,terminal_Rajiv_Kapoor_Aarti_Jha_m_2001_div_2003,Directed,SPOUSE
Rajiv_Kapoor,Raj_Kapoor,Directed,PARENT
Rajiv_Kapoor,Kapoor_family,Directed,RELATIVE
Mukesh_Bhatt,terminal_Mukesh_Bhatt_Neelima_Bhatt,Directed,SPOUSE
Mukesh_Bhatt,Vishesh_Bhatt,Directed,CHILD
Mukesh_Bhatt,Nanabhai_Bhatt,Directed,PARENT
Mukesh_Bhatt,terminal_Mukesh_Bhatt_Shirin_Mohammed_Ali_mother,Directed,PARENT
Mukesh_Bhatt,Bhatt_family,Directed,RELATIVE
Robin_Bhatt,terminal_Robin_Bhatt_Hemlata_Bhatt_mother,Directed,PARENT
Basu_Bhattacharya,Rinki_Bhattacharya,Directed,SPOUSE
Basu_Bhattacharya,Aditya_Bhattacharya,Directed,CHILD
Rinki_Bhattacharya,Aditya_Bhattacharya,Directed,CHILD
Rinki_Bhattacharya,Bimal_Roy,Directed,PARENT
Uma_Anand,Chetan_Anand_(director),Directed,SPOUSE
Uma_Anand,Ketan_Anand,Directed,CHILD
Uma_Anand,Anand_family,Directed,RELATIVE
Sayeeda_Khan,Brij_Sadanah,Directed,SPOUSE
Sayeeda_Khan,Kamal_Sadanah,Directed,CHILD
Sayeeda_Khan,Jyothika,Directed,SIBLING
Devika_Rani,Svetoslav_Roerich,Directed,SPOUSE
Devika_Rani,Jayanto_Nath_Chaudhuri,Directed,COUSIN
Devika_Rani,Pramatha_Chaudhuri,Directed,COUSIN
Devika_Rani,Rabindranath_Tagore,Directed,COUSIN
Raghu_Karnad,Girish Karnad,Directed,PARENT
Meena_Kumari,List_of_Hindi_film_clans#Ali-Amrohi_family,Directed,RELATIVE
Manju_Asrani,Asrani_(actor),Directed,SPOUSE
Daya_Ram_Thapar,Romesh_Thapar,Directed,CHILD
Daya_Ram_Thapar,Romila_Thapar,Directed,CHILD
Pran_Nath_Thapar,terminal_Pran_Nath_Thapar_Bimla_Thapar,Directed,SPOUSE
Pran_Nath_Thapar,Karan_Thapar,Directed,CHILD
Aditya_Raj_Kapoor,terminal_Aditya_Raj_Kapoor_Priti_Kapoor_m_1982,Directed,SPOUSE
Aditya_Raj_Kapoor,Shammi_Kapoor,Directed,PARENT
Aditya_Raj_Kapoor,Geeta_Bali,Directed,PARENT
Aditya_Raj_Kapoor,Kapoor_family,Directed,RELATIVE
Chetan_Anand_(director),Ketan_Anand,Directed,CHILD
Chetan_Anand_(director),List_of_Hindi_film_clans#Anand-Sahni_family,Directed,RELATIVE
Chetan_Anand_(director),Anand_family,Directed,RELATIVE
Valmik_Thapar,terminal_Valmik_Thapar_Hamir_Thapar,Directed,CHILD
Zeenat_Aman,Sanjay_Khan,Directed,SPOUSE
Zeenat_Aman,"Mazhar_Khan_(actor,_born_1955)",Directed,SPOUSE
Zeenat_Aman,List_of_Hindi_film_families#Murad–Rai-Aman_family,Directed,RELATIVE
Shadaab_Khan,terminal_Shadaab_Khan_Rumana_Achwa_m_2005,Directed,SPOUSE
Shadaab_Khan,Jayant_(actor),Directed,PARENT
Shadaab_Khan,Akhtar_ul_Iman,Directed,PARENT
Shadaab_Khan,Imtiaz_Khan,Directed,PARENT
Shadaab_Khan,Zafar_Karachiwala,Directed,PARENT
Jayant_(actor),Amjad_Khan_(actor),Directed,CHILD
Jayant_(actor),Imtiaz_Khan,Directed,CHILD
Imtiaz_Khan,Kruttika_Desai,Directed,SPOUSE
Imtiaz_Khan,terminal_Imtiaz_Khan_Ayesha_Khan,Directed,CHILD
Imtiaz_Khan,Jayant_(actor),Directed,PARENT
Imtiaz_Khan,Amjad_Khan_(actor),Directed,SIBLING
Akhtar_ul_Iman,terminal_Akhtar_ul_Iman_Sultana_Iman,Directed,SPOUSE
Anil_Kapoor,terminal_Anil_Kapoor_Sunita_Bhavnani_m_1984,Directed,SPOUSE
Sanjay_Kapoor,terminal_Sanjay_Kapoor_Maheep_Kapoor_m_1997,Directed,SPOUSE
Lalita_Lajmi,Kalpana_Lajmi,Directed,CHILD
Lalita_Lajmi,Atma_Ram_(director),Directed,SIBLING
Tripti_Mitra,Shaoli_Mitra,Directed,CHILD
Arjun_Kapoor,Boney_Kapoor,Directed,PARENT
Arjun_Kapoor,Mona_Shourie,Directed,PARENT
Arjun_Kapoor,List_of_Hindi_film_families#Kapoor_family_(of_Surinder_Kapoor),Directed,RELATIVE
Janhvi_Kapoor,Boney_Kapoor,Directed,PARENT
Janhvi_Kapoor,Sridevi,Directed,PARENT
Janhvi_Kapoor,List_of_Hindi_film_families#Kapoor_family_(of_Surinder_Kapoor),Directed,RELATIVE
Khushi_Kapoor,Boney_Kapoor,Directed,PARENT
Khushi_Kapoor,Sridevi,Directed,PARENT
Khushi_Kapoor,List_of_Hindi_film_families#Kapoor_family_(of_Surinder_Kapoor),Directed,RELATIVE
Surinder_Kapoor,terminal_Surinder_Kapoor_Nirmal_Kapoor_m_1955,Directed,SPOUSE
B.R._Chopra,terminal_B.R._Chopra_Prakash_Chopra,Directed,SPOUSE
B.R._Chopra,Ravi Chopra,Directed,CHILD
B.R._Chopra,List_of_Hindi_film_clans#Chopra_family,Directed,RELATIVE
Shyam_Benegal,terminal_Shyam_Benegal_Nira_Benegal,Directed,SPOUSE
Shoba_Chandrasekhar,Vijay_(actor),Directed,CHILD
Shoba_Chandrasekhar,S._N._Surendar,Directed,SIBLING
Vijay_(actor),S. A. Chandrasekhar,Directed,PARENT
Vijay_(actor),Shoba_Chandrasekhar,Directed,PARENT
Vijay_(actor),List_of_South_Indian_film_families#Chandrasekhar_family,Directed,RELATIVE
Vikranth,terminal_Vikranth_Maanasa_Hemachandran_m_2009,Directed,SPOUSE
Vikranth,Vijay_(actor),Directed,COUSIN
Vikranth,S. A. Chandrasekhar,Directed,COUSIN
S._N._Surendar,Viraj_(actor),Directed,CHILD
S._N._Surendar,S. A. Chandrasekhar,Directed,SIBLING
S._N._Surendar,Vijay_(actor),Directed,NEPHEW
Shammi_Kapoor,terminal_Shammi_Kapoor_Ramsarni_Mehra_Kapoor_mother,Directed,PARENT
Karisma_Kapoor,Randhir_Kapoor,Directed,PARENT
Karisma_Kapoor,Babita_Kapoor,Directed,PARENT
Karisma_Kapoor,Kapoor_family,Directed,RELATIVE
Kareena_Kapoor_Khan,Saif_Ali_Khan,Directed,SPOUSE
Kareena_Kapoor_Khan,Kapoor_family,Directed,RELATIVE
Kareena_Kapoor_Khan,Pataudi_family,Directed,RELATIVE
Vijayalakshmi_Agathiyan,terminal_Vijayalakshmi_Agathiyan_Feroz_Mohammed,Directed,SPOUSE
Vijayalakshmi_Agathiyan,Niranjani_Ahathian,Directed,SIBLING
Vijayalakshmi_Agathiyan,Thiru_(director),Directed,SIBLING
Niranjani_Ahathian,terminal_Niranjani_Ahathian_Desingh_Periyasamy,Directed,SPOUSE
Niranjani_Ahathian,Vijayalakshmi_Feroz,Directed,SIBLING
Thiru_(director),terminal_Thiru_(director)_Kani_Thiru,Directed,SPOUSE
Thiru_(director),Agathiyan,Directed,PARENT
Thiru_(director),Vijayalakshmi,Directed,PARENT
Thiru_(director),Niranjani_Ahathian,Directed,PARENT
Sonia_Sahni,terminal_Sonia_Sahni_Shivendra_Singh_Goyal_died_1990,Directed,SPOUSE
Prem_Kishen,Prem_Nath,Directed,PARENT
Prem_Kishen,Bina_Rai,Directed,PARENT
Prem_Nath,Bina_Rai,Directed,SPOUSE
Prem_Nath,Prem_Krishen,Directed,CHILD
Prem_Nath,Rajendra_Nath,Directed,SIBLING
Prem_Nath,Narendra_Nath,Directed,SIBLING
Prem_Nath,Raj_Kapoor,Directed,SIBLING
Prem_Nath,Prem_Chopra,Directed,SIBLING
Prem_Nath,Siddharth P. Malhotra,Directed,SIBLING
Rajendra_Nath,Narendra_Nath,Directed,SIBLING
Rajendra_Nath,Raj_Kapoor,Directed,SIBLING
Rajendra_Nath,Prem_Chopra,Directed,SIBLING
Narendra_Nath,Raj_Kapoor,Directed,SIBLING
Narendra_Nath,Prem_Chopra,Directed,SIBLING
Karanvir_Bohra,List_of_Hindi_film_clans#Bohra_family,Directed,RELATIVE
Amita_Pathak,Raghav_Sachar,Directed,SPOUSE
Amitabh_Bachchan,Jaya_Bhaduri,Directed,SPOUSE
Amitabh_Bachchan,Shweta_Bachchan_Nanda,Directed,CHILD
Amitabh_Bachchan,Abhishek_Bachchan,Directed,CHILD
Amitabh_Bachchan,Harivansh_Rai_Bachchan,Directed,PARENT
Amitabh_Bachchan,Teji_Bachchan,Directed,PARENT
Amitabh_Bachchan,Aishwarya_Rai,Directed,CHILD
Amitabh_Bachchan,Nikhil_Nanda,Directed,CHILD
Amitabh_Bachchan,Bachchan_family,Directed,RELATIVE
Khalid_Ahmed,Imtiaz_Ali_(director),Directed,NEPHEW
Bindiya_Goswami,Vinod_Mehra,Directed,SPOUSE
Bindiya_Goswami,J.P._Dutta,Directed,SPOUSE
Nanabhai_Bhatt,terminal_Nanabhai_Bhatt_Hemlata_Bhatt,Directed,SPOUSE
Amrita_Singh,Sara_Ali_Khan,Directed,CHILD
Amrita_Singh,Ibrahim_Ali_Khan_(actor),Directed,CHILD
Amrita_Singh,Rukhsana_Sultana,Directed,PARENT
Amrita_Singh,"List_of_Hindi_film_families#Khan–Banu_family_(of_Yusuf_Khan_aka_Dilip_Kumar,_Saira_Banu,_and_Nasir_Khan)",Directed,RELATIVE
Kareena_Kapoor,Kapoor_family,Directed,RELATIVE
Kareena_Kapoor,Pataudi_family,Directed,RELATIVE
Sara_Ali_Khan,Saif_Ali_Khan,Directed,PARENT
Sara_Ali_Khan,Amrita_Singh,Directed,PARENT
Sara_Ali_Khan,Pataudi_family,Directed,RELATIVE
Ibrahim_Ali_Khan_(actor),Saif_Ali_Khan,Directed,PARENT
Ibrahim_Ali_Khan_(actor),Amrita_Singh,Directed,PARENT
Ibrahim_Ali_Khan_(actor),Pataudi_family,Directed,RELATIVE
Mansoor_Ali_Khan_Pataudi,Sharmila_Tagore,Directed,SPOUSE
Mansoor_Ali_Khan_Pataudi,Iftikhar_Ali_Khan_Pataudi,Directed,PARENT
Mansoor_Ali_Khan_Pataudi,Sajida_Sultan,Directed,PARENT
Sharmila_Tagore,Saif_Ali_Khan,Directed,CHILD
Sharmila_Tagore,Saba_Ali_Khan,Directed,CHILD
Sharmila_Tagore,Soha_Ali_Khan,Directed,CHILD
Sharmila_Tagore,Tagore_family,Directed,RELATIVE
Sharmila_Tagore,Pataudi_family,Directed,RELATIVE
Ranbir_Kapoor,Rishi_Kapoor,Directed,PARENT
Ranbir_Kapoor,Neetu_Singh,Directed,PARENT
Ranbir_Kapoor,Kapoor_family,Directed,RELATIVE
Kamal_Kapoor,terminal_Kamal_Kapoor_Suman_Devi_m_1945,Directed,SPOUSE
Kamal_Kapoor,terminal_Kamal_Kapoor_5_including_Kapil_Kapoor,Directed,CHILD
Manish_Makhija,Masumeh_Makhija,Directed,NIECE
Tanuja,Kajol,Directed,CHILD
Tanuja,Tanisha_Mukherjee,Directed,CHILD
Tanuja,Kumarsen_Samarth,Directed,PARENT
Tanuja,Shobhna_Samarth,Directed,PARENT
Tanuja,Mukherjee-Samarth_family,Directed,RELATIVE
Kajol,Shomu_Mukherjee,Directed,PARENT
Kajol,Tanuja,Directed,PARENT
Kajol,Mukherjee-Samarth_family,Directed,RELATIVE
Kajol,Devgan_family,Directed,RELATIVE
Tanisha_Mukherjee,Kajol,Directed,SIBLING
Tanisha_Mukherjee,Mukherjee-Samarth_family,Directed,SIBLING
Ram_Mukherjee,terminal_Ram_Mukherjee_Krishna_Mukherjee_m_1972,Directed,SPOUSE
Ram_Mukherjee,terminal_Ram_Mukherjee_Raja_son,Directed,CHILD
Ram_Mukherjee,Rani_Mukerji,Directed,CHILD
Ram_Mukherjee,Mukherjee-Samarth_family,Directed,RELATIVE
Shweta_Bachchan_Nanda,Amitabh_Bachchan,Directed,PARENT
Shweta_Bachchan_Nanda,Jaya_Bhaduri,Directed,PARENT
Shweta_Bachchan_Nanda,Bachchan_family,Directed,RELATIVE
Shweta_Bachchan_Nanda,Kapoor_family,Directed,RELATIVE
Juhi_Babbar,Anup_Soni,Directed,SPOUSE
Juhi_Babbar,List_of_Hindi_film_clans#Babbar_family,Directed,RELATIVE
Inder_Raj_Anand,Tinnu Anand,Directed,CHILD
Inder_Raj_Anand,terminal_Inder_Raj_Anand_Bittu_Anand,Directed,CHILD
Inder_Raj_Anand,Siddharth_Anand,Directed,CHILD
Inder_Raj_Anand,Mukul_Anand,Directed,NEPHEW
Siddharth_Anand,terminal_Siddharth_Anand_Mamta_Bhatia,Directed,SPOUSE
Mukul_Anand,terminal_Mukul_Anand_Anita,Directed,SPOUSE
Mukul_Anand,terminal_Mukul_Anand_Mikhail_Alishka,Directed,CHILD
Mukul_Anand,Inder_Raj_Anand,Directed,RELATIVE
Mukul_Anand,Tinnu Anand,Directed,RELATIVE
Agha_(actor),Jalal_Agha,Directed,CHILD
Agha_(actor),Tinnu Anand,Directed,CHILD
Jalal_Agha,Agha_(actor),Directed,PARENT
Jalal_Agha,Tinnu Anand,Directed,PARENT
Rakhee_Gulzar,Meghna_Gulzar,Directed,CHILD
Meghna_Gulzar,terminal_Meghna_Gulzar_Govind_Sandhu,Directed,SPOUSE
Kalki_Koechlin,terminal_Kalki_Koechlin_Guy_Hershberg_m_2024,Directed,SPOUSE
Kalki_Koechlin,Koechlin_family,Directed,RELATIVE
Abhinav_Kashyap,terminal_Abhinav_Kashyap_Chatura_Rao_m_1997_div_2017,Directed,SPOUSE
Dharmendra,terminal_Dharmendra_Prakash_Kaur_m_1954,Directed,SPOUSE
Dharmendra,Sunny_Deol,Directed,CHILD
Dharmendra,Bobby_Deol,Directed,CHILD
Dharmendra,Esha_Deol,Directed,CHILD
Dharmendra,List_of_Hindi_film_families#Deol_family,Directed,RELATIVE
Esha_Deol,terminal_Esha_Deol_Bharat_Takhtani_m_2012_div_2024,Directed,SPOUSE
Esha_Deol,Dharmendra,Directed,PARENT
Esha_Deol,Hema_Malini,Directed,PARENT
Esha_Deol,List_of_Hindi_film_clans#Deol_family,Directed,RELATIVE
Aishwarya_Rai,Bachchan_family,Directed,RELATIVE
Jaya_Bhaduri,Shweta_Bachchan_Nanda,Directed,CHILD
Jaya_Bhaduri,Abhishek_Bachchan,Directed,CHILD
Jaya_Bhaduri,Bachchan_family,Directed,RELATIVE
Vijay_Bhatt,terminal_Vijay_Bhatt_Rama_Bhatt,Directed,SPOUSE
Vijay_Bhatt,Pravin_Bhatt,Directed,CHILD
Vijay_Bhatt,Arun_Bhatt,Directed,CHILD
Vijay_Bhatt,Vikram Bhatt,Directed,CHILD
Vijay_Bhatt,Chirantan_Bhatt,Directed,CHILD
Sonam_Kapoor,terminal_Sonam_Kapoor_Anand_Ahuja_m_2018,Directed,SPOUSE
Sonam_Kapoor,Anil_Kapoor,Directed,PARENT
Sonam_Kapoor,List_of_Hindi_film_families#Kapoor_family_(of_Surinder_Kapoor),Directed,RELATIVE
Rhea_Kapoor,terminal_Rhea_Kapoor_Karan_Boolani_m_2021,Directed,SPOUSE
Rhea_Kapoor,List_of_Hindi_film_families#Kapoor_family_(of_Surinder_Kapoor),Directed,RELATIVE
Harsh_Varrdhan_Kapoor,Anil_Kapoor,Directed,PARENT
Harsh_Varrdhan_Kapoor,List_of_Hindi_film_families#Kapoor_family_(of_Surinder_Kapoor),Directed,RELATIVE
Veeru_Devgan,terminal_Veeru_Devgan_Veena_Devgan_m_1968,Directed,SPOUSE
Veeru_Devgan,Ajay Devgn,Directed,CHILD
Veeru_Devgan,Kajol,Directed,CHILD
Veeru_Devgan,Devgan_family,Directed,RELATIVE
Javed_Akhtar,Honey_Irani,Directed,SPOUSE
Javed_Akhtar,Shabana_Azmi,Directed,SPOUSE
Javed_Akhtar,Zoya_Akhtar,Directed,CHILD
Javed_Akhtar,Farhan_Akhtar,Directed,CHILD
Javed_Akhtar,Fazl-e-Haq_Khairabadi,Directed,PARENT
Javed_Akhtar,Muztar_Khairabadi,Directed,PARENT
Javed_Akhtar,Hamida_Salim,Directed,PARENT
Javed_Akhtar,Ansar_Harvani,Directed,PARENT
Javed_Akhtar,Majaz,Directed,PARENT
Javed_Akhtar,Salman_Akhtar,Directed,PARENT
Honey_Irani,Zoya_Akhtar,Directed,CHILD
Honey_Irani,Farhan_Akhtar,Directed,CHILD
Honey_Irani,Daisy_Irani_(actress),Directed,SIBLING
Honey_Irani,Farah_Khan,Directed,SIBLING
Honey_Irani,Sajid_Khan_(director),Directed,SIBLING
Rohit_Dhawan,terminal_Rohit_Dhawan_Jaanvi_Desai_m_2012,Directed,SPOUSE
Rohit_Dhawan,David_Dhawan,Directed,PARENT
Rohit_Dhawan,Varun_Dhawan,Directed,SIBLING
Rohit_Dhawan,List_of_Hindi_film_families#Dhawan_family,Directed,RELATIVE
Sunita_Gowariker,Deb_Mukherjee,Directed,PARENT
Sukumari,List_of_South_Indian_film_families#Travancore_family,Directed,RELATIVE
B._Lenin,A. Bhimsingh,Directed,PARENT
B._Kannan,terminal_B._Kannan_Kanchana_Kannan,Directed,SPOUSE
B._Kannan,A. Bhimsingh,Directed,PARENT
B._Kannan,B._Lenin,Directed,SIBLING
Mona_Shourie,Boney_Kapoor,Directed,SPOUSE
Mona_Shourie,Arjun_Kapoor,Directed,CHILD
Ramesh_Behl,terminal_Ramesh_Behl_Madhu_Behl,Directed,SPOUSE
Ramesh_Behl,Goldie_Behl,Directed,CHILD
Ramesh_Behl,Kamal_Kapoor,Directed,PARENT
Ramesh_Behl,Rajendra_Kumar,Directed,PARENT
Ramesh_Behl,Ishan_Arya,Directed,PARENT
Ramesh_Behl,Ravi_Behl,Directed,PARENT
Ramesh_Behl,List_of_Hindi_film_families#Behl_family,Directed,RELATIVE
Goldie_Behl,Sonali_Bendre,Directed,SPOUSE
Goldie_Behl,Ravi_Behl,Directed,COUSIN
Goldie_Behl,Kamal_Kapoor,Directed,COUSIN
Jawed_Sheikh,terminal_Jawed_Sheikh_Zinat_Mangi,Directed,SPOUSE
Jawed_Sheikh,Shahzad_Sheikh,Directed,CHILD
Jawed_Sheikh,Momal_Sheikh,Directed,CHILD
Jawed_Sheikh,Saleem_Sheikh,Directed,SIBLING
Jawed_Sheikh,Behroze_Sabzwari,Directed,SIBLING
Jawed_Sheikh,Shehroz_Sabzwari,Directed,SIBLING
Zara_Khan,Rehmat_Khan,Directed,PARENT
Zara_Khan,Salma_Agha,Directed,PARENT
Zara_Khan,Khan_squash_family,Directed,RELATIVE
Nandita_Mahtani,Sanjay_Kapur,Directed,SPOUSE
Drewe_Henley,Jacqueline_Pearce,Directed,SPOUSE
Drewe_Henley,terminal_Drewe_Henley_Lyn_Henley_m_1983_died_2015,Directed,SPOUSE
Drewe_Henley,Charley_Henley,Directed,CHILD
Charley_Henley,Drewe_Henley,Directed,PARENT
Charley_Henley,Felicity_Kendal,Directed,PARENT
Geoffrey_Kendal,terminal_Geoffrey_Kendal_Laura_Liddell_1933_1992_her_death,Directed,SPOUSE
Geoffrey_Kendal,Jennifer_Kendal,Directed,CHILD
Geoffrey_Kendal,Felicity_Kendal,Directed,CHILD
Bimal_Roy,terminal_Bimal_Roy_Manobina_Roy,Directed,SPOUSE
Bimal_Roy,Rinki_Bhattacharya,Directed,CHILD
Brij_Sadanah,Kamal_Sadanah,Directed,CHILD
Kamal_Sadanah,terminal_Kamal_Sadanah_Lisa_John,Directed,SPOUSE
Kamal_Sadanah,terminal_Kamal_Sadanah_Angath_Sadanah,Directed,CHILD
Jyothika,Suriya,Directed,SPOUSE
Jyothika,List_of_Hindi_film_families#Sadanah_Family,Directed,RELATIVE
Jyothika,List_of_South_Indian_film_families#Sivakumar_family,Directed,RELATIVE
Himanshu_Rai,terminal_Himanshu_Rai_Nilima_Dietze_Hainlin_1926_1997,Directed,CHILD
Svetoslav_Roerich,Nicholas_Roerich,Directed,PARENT
Svetoslav_Roerich,Helena_Roerich,Directed,PARENT
Svetoslav_Roerich,George_de_Roerich,Directed,SIBLING
Pramatha_Chaudhuri,Indira_Devi_Chaudhurani,Directed,SPOUSE
Pramatha_Chaudhuri,Prasannamoyee_Devi,Directed,SIBLING
Pramatha_Chaudhuri,Priyamvada_Devi,Directed,SIBLING
Rabindranath_Tagore,Mrinalini_Devi,Directed,SPOUSE
Rabindranath_Tagore,Rathindranath_Tagore,Directed,CHILD
Rabindranath_Tagore,Tagore_family,Directed,RELATIVE
Girish Karnad,terminal_Girish_Karnad_Saraswathy_Ganapathy,Directed,SPOUSE
Karan_Thapar,Pran_Nath_Thapar,Directed,PARENT
Karan_Thapar,Daya_Ram_Thapar,Directed,UNCLE
Karan_Thapar,Romesh_Thapar,Directed,UNCLE
Karan_Thapar,Romila_Thapar,Directed,UNCLE
Sanjay_Khan,Sussanne_Khan,Directed,CHILD
Sanjay_Khan,Zayed_Khan,Directed,CHILD
Sanjay_Khan,Feroz_Khan_(actor),Directed,SIBLING
Sanjay_Khan,Akbar_Khan_(director),Directed,SIBLING
Sanjay_Khan,Fardeen_Khan,Directed,NEPHEW
"Mazhar_Khan_(actor,_born_1955)","terminal_Mazhar_Khan_(actor,_born_1955)_Rubaina_Separated",Directed,SPOUSE
Amjad_Khan_(actor),terminal_Amjad_Khan_(actor)_Shehla_Khan,Directed,SPOUSE
Amjad_Khan_(actor),Shadaab_Khan,Directed,CHILD
Amjad_Khan_(actor),Jayant_(actor),Directed,PARENT
Amjad_Khan_(actor),Akhtar_ul_Iman,Directed,SIBLING
Amjad_Khan_(actor),Zafar_Karachiwala,Directed,SIBLING
Kruttika_Desai,terminal_Kruttika_Desai_Ayesha_Khan,Directed,CHILD
Kruttika_Desai,Amjad_Khan_(actor),Directed,SIBLING
Ravi Chopra,terminal_Ravi_Chopra_Renu_Chopra_m_1975,Directed,SPOUSE
Viraj_(actor),S._N._Surendar,Directed,PARENT
Vijayalakshmi_Feroz,terminal_Vijayalakshmi_Feroz_Feroz_Mohammed,Directed,SPOUSE
Vijayalakshmi_Feroz,Thiru_(director),Directed,SIBLING
Prem_Krishen,Prem_Nath,Directed,PARENT
Prem_Krishen,Bina_Rai,Directed,PARENT
Prem_Chopra,terminal_Prem_Chopra_Uma_Malhotra_m_1969,Directed,SPOUSE
Prem_Chopra,Sharman_Joshi,Directed,CHILD
Prem_Chopra,Vikas_Bhalla,Directed,CHILD
Prem_Chopra,Prem_Nath,Directed,CHILD
Prem_Chopra,Rajendra_Nath,Directed,CHILD
Prem_Chopra,Narendra_Nath,Directed,CHILD
Prem_Chopra,Raj_Kapoor,Directed,CHILD
Abhishek Pathak,terminal_Abhishek_Pathak_Kumar_Mangat_Pathak_father,Directed,PARENT
Abhishek Pathak,terminal_Abhishek_Pathak_Neelam_Pathak_mother,Directed,PARENT
Imtiaz_Ali_(director),terminal_Imtiaz_Ali_(director)_Preety_Ali_m_1995,Directed,SPOUSE
Imtiaz_Ali_(director),Khalid_Ahmed,Directed,UNCLE
Vinod_Mehra,Soniya_Mehra,Directed,CHILD
Vinod_Mehra,Rohan_Mehra_(born_1991),Directed,CHILD
Rukhsana_Sultana,terminal_Rukhsana_Sultana_Shivinder_Singh_Virk_divorced,Directed,SPOUSE
Rukhsana_Sultana,Amrita_Singh,Directed,CHILD
Rukhsana_Sultana,Sara_Ali_Khan,Directed,CHILD
Rukhsana_Sultana,Begum_Para,Directed,CHILD
Rukhsana_Sultana,Nasir_Khan_(actor),Directed,CHILD
Rukhsana_Sultana,Ayub_Khan_(actor),Directed,CHILD
Iftikhar_Ali_Khan_Pataudi,terminal_Iftikhar_Ali_Khan_Pataudi_Muhammad_Ibrahim_Ali_Khan_Pataudi,Directed,PARENT
Iftikhar_Ali_Khan_Pataudi,terminal_Iftikhar_Ali_Khan_Pataudi_Shahar_Bano_Begum,Directed,PARENT
Sajida_Sultan,Iftikhar_Ali_Khan_Pataudi,Directed,SPOUSE
Sajida_Sultan,Hamidullah_Khan,Directed,PARENT
Sajida_Sultan,terminal_Sajida_Sultan_Maimoona_Sultan,Directed,PARENT
Saba_Ali_Khan,Mansoor_Ali_Khan_Pataudi,Directed,PARENT
Saba_Ali_Khan,Sharmila_Tagore,Directed,PARENT
Soha_Ali_Khan,Kunal_Khemu,Directed,SPOUSE
Soha_Ali_Khan,Mansoor_Ali_Khan_Pataudi,Directed,PARENT
Soha_Ali_Khan,Sharmila_Tagore,Directed,PARENT
Soha_Ali_Khan,Pataudi_family,Directed,RELATIVE
Tagore_family,Shandilya,Directed,RELATIVE
Masumeh_Makhija,Manish_Makhija,Directed,UNCLE
Kumarsen_Samarth,Shobhana_Samarth,Directed,SPOUSE
Kumarsen_Samarth,Nutan,Directed,CHILD
Kumarsen_Samarth,Tanuja,Directed,CHILD
Shobhna_Samarth,Kumarsen_Samarth,Directed,SPOUSE
Shobhna_Samarth,Nutan,Directed,CHILD
Shobhna_Samarth,Tanuja,Directed,CHILD
Shobhna_Samarth,terminal_Shobhna_Samarth_Prabhakar_Shilotri_father,Directed,PARENT
Shobhna_Samarth,Rattan_Bai,Directed,PARENT
Shobhna_Samarth,Mukherjee-Samarth_family,Directed,RELATIVE
Rani_Mukerji,Aditya_Chopra,Directed,SPOUSE
Rani_Mukerji,Ram_Mukherjee,Directed,PARENT
Rani_Mukerji,Mukherjee-Samarth_family,Directed,RELATIVE
Rani_Mukerji,List_of_Hindi_film_clans#Chopra_family,Directed,RELATIVE
Tinnu Anand,terminal_Tinnu_Anand_Shahnaz_Anand,Directed,SPOUSE
Tinnu Anand,terminal_Tinnu_Anand_2_Isha_Anand_Diksha_Anand,Directed,CHILD
Sunny_Deol,terminal_Sunny_Deol_Lynda_Pooja_Deol_m_1984,Directed,SPOUSE
Sunny_Deol,List_of_Hindi_film_families#Deol_family,Directed,RELATIVE
Bobby_Deol,terminal_Bobby_Deol_Tanya_Ahuja_Deol_m_1996,Directed,SPOUSE
Bobby_Deol,Dharmendra,Directed,PARENT
Bobby_Deol,List_of_Hindi_film_families#Deol_family,Directed,RELATIVE
Shabana_Azmi,Kaifi_Azmi,Directed,PARENT
Shabana_Azmi,Shaukat_Kaifi,Directed,PARENT
Shabana_Azmi,Baba_Azmi,Directed,SIBLING
Shabana_Azmi,List_of_Hindi_film_families#Akhtar–Azmi–Kher_family,Directed,RELATIVE
Farhan_Akhtar,Adhuna_Bhabani,Directed,SPOUSE
Farhan_Akhtar,Shibani_Dandekar,Directed,SPOUSE
Farhan_Akhtar,List_of_Hindi_film_clans#Akhtar-Azmi_family,Directed,RELATIVE
Muztar_Khairabadi,Jan_Nisar_Akhtar,Directed,CHILD
Muztar_Khairabadi,Fazl-e-Haq_Khairabadi,Directed,PARENT
Muztar_Khairabadi,Salman_Akhtar,Directed,PARENT
Muztar_Khairabadi,Zoya_Akhtar,Directed,PARENT
Muztar_Khairabadi,Farhan_Akhtar,Directed,PARENT
Ansar_Harvani,terminal_Ansar_Harvani_Sahaibzadi_Gauhar_Ara,Directed,SPOUSE
Ansar_Harvani,terminal_Ansar_Harvani_1_son_and_3_daughters,Directed,CHILD
Ansar_Harvani,Hamida_Salim,Directed,SIBLING
Ansar_Harvani,Majaz,Directed,SIBLING
Ansar_Harvani,Javed_Akhtar,Directed,SIBLING
Ansar_Harvani,Salman_Akhtar,Directed,SIBLING
Ansar_Harvani,Farhan_Akhtar,Directed,SIBLING
Majaz,Hamida_Salim,Directed,SIBLING
Majaz,Javed_Akhtar,Directed,SIBLING
Majaz,Salman_Akhtar,Directed,SIBLING
Majaz,Farhan_Akhtar,Directed,SIBLING
Salman_Akhtar,terminal_Salman_Akhtar_Monisha_Nayar,Directed,SPOUSE
Salman_Akhtar,Kabir_Akhtar,Directed,CHILD
Salman_Akhtar,Jan_Nisar_Akhtar,Directed,PARENT
Salman_Akhtar,Javed_Akhtar,Directed,SIBLING
Salman_Akhtar,Farhan_Akhtar,Directed,SIBLING
Salman_Akhtar,Zoya_Akhtar,Directed,SIBLING
Daisy_Irani_(actress),terminal_Daisy_Irani_(actress)_K_K_Shukla_m_1971_died_1993,Directed,SPOUSE
Daisy_Irani_(actress),Zoya_Akhtar,Directed,SIBLING
Daisy_Irani_(actress),Javed_Akhtar,Directed,SIBLING
Daisy_Irani_(actress),Farhan_Akhtar,Directed,SIBLING
Daisy_Irani_(actress),Farah_Khan,Directed,SIBLING
Daisy_Irani_(actress),Sajid_Khan_(director),Directed,SIBLING
Farah_Khan,Shirish_Kunder,Directed,SPOUSE
Farah_Khan,Honey_Irani,Directed,AUNT
Farah_Khan,Daisy_Irani_(actress),Directed,AUNT
Farah_Khan,Sajid_Khan_(director),Directed,SIBLING
Farah_Khan,Zoya_Akhtar,Directed,COUSIN
Farah_Khan,Farhan_Akhtar,Directed,COUSIN
Sajid_Khan_(director),Honey_Irani,Directed,AUNT
Sajid_Khan_(director),Daisy_Irani_(actress),Directed,AUNT
Sajid_Khan_(director),Zoya_Akhtar,Directed,COUSIN
Sajid_Khan_(director),Farhan_Akhtar,Directed,COUSIN
Sajid_Khan_(director),Shirish_Kunder,Directed,SIBLING
Deb_Mukherjee,Sunita_Gowariker,Directed,CHILD
Deb_Mukherjee,Ayan_Mukerji,Directed,CHILD
Deb_Mukherjee,Sashadhar_Mukherjee,Directed,PARENT
Deb_Mukherjee,Ashutosh_Gowariker,Directed,CHILD
Deb_Mukherjee,Ganguly_family,Directed,RELATIVE
Deb_Mukherjee,Mukherjee-Samarth_family,Directed,RELATIVE
Rajendra_Kumar,terminal_Rajendra_Kumar_Shukla_Tuli_1999,Directed,SPOUSE
Rajendra_Kumar,Kumar_Gaurav,Directed,CHILD
Rajendra_Kumar,Raju_Patel,Directed,CHILD
Rajendra_Kumar,Ramesh_Behl,Directed,CHILD
Rajendra_Kumar,O._P._Ralhan,Directed,CHILD
Ishan_Arya,Sulbha_Arya,Directed,SPOUSE
Ishan_Arya,terminal_Ishan_Arya_Sameer_Arya_Sagar_Arya,Directed,CHILD
Ishan_Arya,Ramesh_Behl,Directed,CHILD
Ishan_Arya,Shaukat_Kaifi,Directed,CHILD
Ishan_Arya,Shabana_Azmi,Directed,CHILD
Ishan_Arya,Baba_Azmi,Directed,CHILD
Ishan_Arya,List_of_Hindi_film_families#Akhtar-Azmi_family,Directed,RELATIVE
Ishan_Arya,List_of_Hindi_film_families#Behl_family,Directed,RELATIVE
Ravi_Behl,Ramesh_Behl,Directed,UNCLE
Ravi_Behl,Goldie_Behl,Directed,UNCLE
Ravi_Behl,List_of_Hindi_film_families#Behl_family,Directed,RELATIVE
Sonali_Bendre,List_of_Hindi_film_families#Behl_family,Directed,RELATIVE
Shahzad_Sheikh,terminal_Shahzad_Sheikh_Hina_Mir_m_2012,Directed,SPOUSE
Shahzad_Sheikh,Jawed_Sheikh,Directed,PARENT
Shahzad_Sheikh,Momal_Sheikh,Directed,SIBLING
Shahzad_Sheikh,Behroze_Sabzwari,Directed,SIBLING
Shahzad_Sheikh,Saleem_Sheikh,Directed,SIBLING
Shahzad_Sheikh,Shehroz_Sabzwari,Directed,SIBLING
Momal_Sheikh,Behroze_Sabzwari,Directed,SIBLING
Momal_Sheikh,Saleem_Sheikh,Directed,SIBLING
Momal_Sheikh,Shehroz_Sabzwari,Directed,SIBLING
Saleem_Sheikh,terminal_Saleem_Sheikh_Nosheen_Saleem_1999_present,Directed,SPOUSE
Saleem_Sheikh,Behroze_Sabzwari,Directed,SIBLING
Saleem_Sheikh,Shehroz_Sabzwari,Directed,SIBLING
Behroze_Sabzwari,Shahroz_Sabzwari,Directed,CHILD
Behroze_Sabzwari,Javed_Sheikh,Directed,SIBLING
Behroze_Sabzwari,Shahzad_Sheikh,Directed,NEPHEW
Behroze_Sabzwari,Momal_Sheikh,Directed,NIECE
Shehroz_Sabzwari,Syra_Yousuf,Directed,SPOUSE
Shehroz_Sabzwari,Sadaf_Kanwal,Directed,SPOUSE
Shehroz_Sabzwari,Jawed_Sheikh,Directed,UNCLE
Shehroz_Sabzwari,Shahzad_Sheikh,Directed,UNCLE
Shehroz_Sabzwari,Momal_Sheikh,Directed,UNCLE
Sanjay_Kapur,Karisma_Kapoor,Directed,SPOUSE
Suriya,Sivakumar,Directed,PARENT
Suriya,List_of_South_Indian_film_families#Sivakumar_family,Directed,RELATIVE
Nicholas_Roerich,Helena_Roerich,Directed,SPOUSE
Nicholas_Roerich,George_de_Roerich,Directed,CHILD
Nicholas_Roerich,Svetoslav_Roerich,Directed,CHILD
George_de_Roerich,Nicholas_Roerich,Directed,PARENT
George_de_Roerich,Helena_Roerich,Directed,PARENT
George_de_Roerich,Devika_Rani,Directed,SIBLING
Indira_Devi_Chaudhurani,Satyendranath_Tagore,Directed,PARENT
Indira_Devi_Chaudhurani,Jnanadanandini_Devi,Directed,PARENT
Indira_Devi_Chaudhurani,Rabindranath_Tagore,Directed,UNCLE
Prasannamoyee_Devi,Priyamvada_Devi,Directed,CHILD
Priyamvada_Devi,Prasannamoyee_Devi,Directed,PARENT
Priyamvada_Devi,Pramatha_Chaudhuri,Directed,UNCLE
Mrinalini_Devi,Rathindranath_Tagore,Directed,CHILD
Rathindranath_Tagore,Pratima_Devi_(painter),Directed,SPOUSE
Rathindranath_Tagore,terminal_Rathindranath_Tagore_Nandini_adopted_Jayabrato_foster,Directed,CHILD
Sussanne_Khan,Hrithik_Roshan,Directed,SPOUSE
Sussanne_Khan,Sanjay_Khan,Directed,PARENT
Sussanne_Khan,terminal_Sussanne_Khan_Zarine_khan_died_7_November_2025_mother,Directed,PARENT
Sussanne_Khan,Zayed_Khan,Directed,SIBLING
Sussanne_Khan,Feroz_Khan_(actor),Directed,UNCLE
Sussanne_Khan,Akbar_Khan_(director),Directed,UNCLE
Sussanne_Khan,Fardeen_Khan,Directed,COUSIN
Zayed_Khan,terminal_Zayed_Khan_Malaika_Parekh_m_2005,Directed,SPOUSE
Zayed_Khan,Sanjay_Khan,Directed,PARENT
Zayed_Khan,terminal_Zayed_Khan_Zarine_Khan_mother,Directed,PARENT
Zayed_Khan,Feroz_Khan_(actor),Directed,UNCLE
Zayed_Khan,Akbar_Khan_(director),Directed,UNCLE
Zayed_Khan,Fardeen_Khan,Directed,COUSIN
Feroz_Khan_(actor),terminal_Feroz_Khan_(actor)_Sundari_Khan_m_1965_div_1985,Directed,SPOUSE
Feroz_Khan_(actor),Fardeen_Khan,Directed,CHILD
Feroz_Khan_(actor),Akbar_Khan_(director),Directed,SIBLING
Feroz_Khan_(actor),Sussanne_Khan,Directed,SIBLING
Feroz_Khan_(actor),Zayed_Khan,Directed,SIBLING
Akbar_Khan_(director),Fardeen_Khan,Directed,NEPHEW
Akbar_Khan_(director),Sussanne_Khan,Directed,NIECE
Akbar_Khan_(director),Zayed_Khan,Directed,NEPHEW
Akbar_Khan_(director),List_of_Hindi_film_families#Khan_family_(of_Feroz_Khan),Directed,RELATIVE
Fardeen_Khan,terminal_Fardeen_Khan_Natasha_Madhvani_m_2005,Directed,SPOUSE
Fardeen_Khan,Sanjay_Khan,Directed,UNCLE
Fardeen_Khan,Akbar_Khan_(director),Directed,UNCLE
Fardeen_Khan,List_of_Hindi_film_families#Khan_family_(of_Feroz_Khan),Directed,RELATIVE
Sharman_Joshi,terminal_Sharman_Joshi_Prerana_Chopra_m_2000,Directed,SPOUSE
Sharman_Joshi,Arvind_Joshi,Directed,PARENT
Sharman_Joshi,List_of_Hindi_film_clans#Roy–Joshi–Irani-Desai_family,Directed,RELATIVE
Vikas_Bhalla,terminal_Vikas_Bhalla_Punita_Chopra_m_1996,Directed,SPOUSE
Vikas_Bhalla,terminal_Vikas_Bhalla_Sanchi_Bhalla_daughter_Veer_Bhalla_son,Directed,CHILD
Vikas_Bhalla,Prem_Chopra,Directed,PARENT
Vikas_Bhalla,Sharman_Joshi,Directed,PARENT
Soniya_Mehra,Vinod_Mehra,Directed,PARENT
Soniya_Mehra,Rohan_Mehra_(born_1991),Directed,SIBLING
Begum_Para,Nasir_Khan_(actor),Directed,SPOUSE
Begum_Para,Ayub_Khan_(actor),Directed,CHILD
Begum_Para,Dilip Kumar,Directed,SIBLING
Begum_Para,Rukhsana_Sultana,Directed,SIBLING
Begum_Para,Amrita_Singh,Directed,SIBLING
Begum_Para,Saira_Banu,Directed,SIBLING
Nasir_Khan_(actor),terminal_Nasir_Khan_(actor)_Suraya_Nazir,Directed,SPOUSE
Nasir_Khan_(actor),Ayub_Khan_(actor),Directed,CHILD
Nasir_Khan_(actor),Dilip Kumar,Directed,SIBLING
Nasir_Khan_(actor),Saira_Banu,Directed,SIBLING
Nasir_Khan_(actor),K._Asif,Directed,SIBLING
Nasir_Khan_(actor),Rukhsana_Sultana,Directed,SIBLING
Ayub_Khan_(actor),Niharika_Bhasin,Directed,SPOUSE
Ayub_Khan_(actor),terminal_Ayub_Khan_(actor)_Tahura_Khan_daughter,Directed,CHILD
Ayub_Khan_(actor),terminal_Ayub_Khan_(actor)_Zayra_Khan_daughter,Directed,CHILD
Ayub_Khan_(actor),Nasir_Khan_(actor),Directed,PARENT
Ayub_Khan_(actor),Begum_Para,Directed,PARENT
Ayub_Khan_(actor),List_of_Hindi_film_families#Khan-Banu_family_(of_Yusuf_Khan_aka_Dilip_Kumar_and_Saira_Banu),Directed,RELATIVE
Hamidullah_Khan,"Kaikhusrau_Jahan,_Begum_of_Bhopal",Directed,PARENT
Kunal_Khemu,Moti_Lal_Kemmu,Directed,PARENT
Kunal_Khemu,Pataudi_family,Directed,RELATIVE
Kunal_Khemu,Tagore_family,Directed,RELATIVE
Shobhana_Samarth,Nutan,Directed,CHILD
Shobhana_Samarth,Tanuja,Directed,CHILD
Shobhana_Samarth,terminal_Shobhana_Samarth_Prabhakar_Shilotri_father,Directed,PARENT
Shobhana_Samarth,Rattan_Bai,Directed,PARENT
Shobhana_Samarth,Mukherjee-Samarth_family,Directed,RELATIVE
Nutan,terminal_Nutan_Rajnish_Bahl_m_1959,Directed,SPOUSE
Nutan,Mohnish_Bahl,Directed,CHILD
Nutan,Kumarsen_Samarth,Directed,PARENT
Nutan,Shobhna_Samarth,Directed,PARENT
Nutan,Mukherjee-Samarth_family,Directed,RELATIVE
Aditya_Chopra,terminal_Aditya_Chopra_Payal_Khanna_m_2001_div_2009,Directed,SPOUSE
Aditya_Chopra,Yash Chopra,Directed,PARENT
Aditya_Chopra,Pamela_Chopra,Directed,PARENT
Aditya_Chopra,List_of_Hindi_film_clans#Chopra-Johar_family,Directed,RELATIVE
Aditya_Chopra,Mukherjee-Samarth_family,Directed,RELATIVE
Kaifi_Azmi,Shaukat_Kaifi,Directed,SPOUSE
Kaifi_Azmi,Shabana_Azmi,Directed,CHILD
Kaifi_Azmi,Baba_Azmi,Directed,CHILD
Shaukat_Kaifi,Shabana_Azmi,Directed,CHILD
Shaukat_Kaifi,Baba_Azmi,Directed,CHILD
Shaukat_Kaifi,Ishan_Arya,Directed,NEPHEW
Shaukat_Kaifi,List_of_Hindi_film_families#Akhtar-Azmi_family,Directed,RELATIVE
Baba_Azmi,Tanvi_Azmi,Directed,SPOUSE
Baba_Azmi,Kaifi_Azmi,Directed,PARENT
Baba_Azmi,Shaukat_Kaifi,Directed,PARENT
Baba_Azmi,Ishan_Arya,Directed,SIBLING
Baba_Azmi,List_of_Hindi_film_clans#Akhtar-Azmi_family,Directed,RELATIVE
Adhuna_Bhabani,List_of_Hindi_film_clans#Akhtar-Azmi_family,Directed,RELATIVE
Shibani_Dandekar,Anusha_Dandekar,Directed,SIBLING
Jan_Nisar_Akhtar,terminal_Jan_Nisar_Akhtar_Safiya_Siraj_ul_Haq,Directed,SPOUSE
Jan_Nisar_Akhtar,terminal_Jan_Nisar_Akhtar_Khadija_Talat,Directed,SPOUSE
Jan_Nisar_Akhtar,Javed_Akhtar,Directed,CHILD
Jan_Nisar_Akhtar,Salman_Akhtar,Directed,CHILD
Jan_Nisar_Akhtar,Muztar_Khairabadi,Directed,PARENT
Jan_Nisar_Akhtar,Fazl-e-Haq_Khairabadi,Directed,PARENT
Ayan_Mukerji,Mukherjee-Samarth_family,Directed,RELATIVE
Sashadhar_Mukherjee,terminal_Sashadhar_Mukherjee_Sati_Devi,Directed,SPOUSE
Sashadhar_Mukherjee,Joy_Mukherjee,Directed,CHILD
Sashadhar_Mukherjee,Deb_Mukherjee,Directed,CHILD
Sashadhar_Mukherjee,Shomu_Mukherjee,Directed,CHILD
Sashadhar_Mukherjee,Ashok_Kumar,Directed,SIBLING
Sashadhar_Mukherjee,Anoop_Kumar,Directed,SIBLING
Sashadhar_Mukherjee,Kishore_Kumar,Directed,SIBLING
Sashadhar_Mukherjee,Mukherjee-Samarth_family,Directed,RELATIVE
Kumar_Gaurav,terminal_Kumar_Gaurav_Namrata_Dutt_m_1984,Directed,SPOUSE
Kumar_Gaurav,Sunil_Dutt,Directed,PARENT
Kumar_Gaurav,Nargis,Directed,PARENT
Kumar_Gaurav,Sanjay_Dutt,Directed,PARENT
Raju_Patel,terminal_Raju_Patel_Dimple_Kumar,Directed,SPOUSE
Raju_Patel,Rajendra_Kumar,Directed,PARENT
O._P._Ralhan,Rajendra_Kumar,Directed,SIBLING
Sulbha_Arya,Ramesh_Behl,Directed,CHILD
Sulbha_Arya,List_of_Hindi_film_families#Akhtar-Azmi_family,Directed,RELATIVE
Sulbha_Arya,List_of_Hindi_film_families#Behl_family,Directed,RELATIVE
Shahroz_Sabzwari,Syra_Yousuf,Directed,SPOUSE
Shahroz_Sabzwari,Sadaf_Kanwal,Directed,SPOUSE
Shahroz_Sabzwari,Jawed_Sheikh,Directed,UNCLE
Shahroz_Sabzwari,Shahzad_Sheikh,Directed,UNCLE
Shahroz_Sabzwari,Momal_Sheikh,Directed,UNCLE
Javed_Sheikh,terminal_Javed_Sheikh_Zinat_Mangi,Directed,SPOUSE
Javed_Sheikh,Salma_Agha,Directed,SPOUSE
Javed_Sheikh,Shahzad_Sheikh,Directed,CHILD
Javed_Sheikh,Momal_Sheikh,Directed,CHILD
Javed_Sheikh,Saleem_Sheikh,Directed,SIBLING
Javed_Sheikh,Shehroz_Sabzwari,Directed,SIBLING
Syra_Yousuf,Alishba_Yousuf,Directed,SIBLING
Sadaf_Kanwal,Salma_Mumtaz,Directed,PARENT
Sadaf_Kanwal,Shammi_(Pakistani_actress),Directed,PARENT
Sadaf_Kanwal,Nida_Mumtaz,Directed,PARENT
Riya_Sen,terminal_Riya Sen_Shivam_Tewari_m_2017,Directed,SPOUSE
Riya_Sen,Moon_Moon_Sen,Directed,PARENT
Riya_Sen,Raima_Sen,Directed,SIBLING
Riya_Sen,Suchitra_Sen,Directed,SIBLING
Namrata Shirodkar,Mahesh_Babu,Directed,SPOUSE
Namrata Shirodkar,Shilpa_Shirodkar,Directed,SIBLING
Nirupa Roy,terminal_Nirupa Roy_Kamal_Roy_m_1946,Directed,SPOUSE
Karan Johar,Yash_Johar,Directed,PARENT
Karan Johar,List_of_Hindi_film_families#Chopra-Johar_family,Directed,RELATIVE
Nitin Mukesh,terminal_Nitin Mukesh_Nishi_Mukesh_Mathur,Directed,SPOUSE
Vijay Anand (filmmaker),Anand-Sahni_family,Directed,RELATIVE
Mala Sinha,terminal_Mala Sinha_Chidambaram_Prasad_Lohani_m_1966_died_2024,Directed,SPOUSE
Mala Sinha,Pratibha_Sinha,Directed,CHILD
Suresh Gopi,Gokul_Suresh,Directed,CHILD
Suresh Gopi,Aranmula_Ponnamma,Directed,PARENT
Vidya Balan,Siddharth_Roy_Kapur,Directed,SPOUSE
Manoj Bajpayee,Shabana_Raza,Directed,SPOUSE
Sohail_Khan,terminal_Sohail Khan_Seema_Sajdeh_m_1998_div_2022,Directed,SPOUSE
Sohail_Khan,Salman_Khan,Directed,SIBLING
Sohail_Khan,Arbaaz_Khan,Directed,SIBLING
Sohail_Khan,Alvira_Khan_Agnihotri,Directed,SIBLING
Sohail_Khan,Salim_Khan_family,Directed,RELATIVE
Anu Malik,terminal_Anu Malik_Anjali_Vasudev_Bhat,Directed,SPOUSE
Anu Malik,Anmol_Malik,Directed,CHILD
Anu Malik,terminal_Anu Malik_Ada_Malik_daughter,Directed,CHILD
Anu Malik,Daboo_Malik,Directed,SIBLING
Anu Malik,Amaal_Mallik,Directed,NEPHEW
Anu Malik,Armaan_Malik,Directed,NEPHEW
Anu Malik,Hasrat_Jaipuri,Directed,UNCLE
Shobana,Travancore_sisters,Directed,AUNT
Shobana,Vineeth,Directed,COUSIN
Shobana,Parvathy_Jayaram,Directed,COUSIN
Shobana,List_of_South_Indian_film_families#Travancore_family,Directed,RELATIVE
Shekhar Kapur,terminal_Shekhar Kapur_Medha_Gujral_m_1984_div_1994,Directed,SPOUSE
Shekhar Kapur,Suchitra_Krishnamoorthi,Directed,SPOUSE
Shekhar Kapur,Sohaila_Kapur,Directed,SIBLING
Shekhar Kapur,Dev_Anand,Directed,UNCLE
Shekhar Kapur,Chetan_Anand_(director),Directed,UNCLE
Shekhar Kapur,Vijay_Anand_(filmmaker),Directed,UNCLE
Shekhar Kapur,Purab_Kohli,Directed,NEPHEW
Shekhar Kapur,Anand-Sahni_family,Directed,RELATIVE
Manisha_Koirala,terminal_Manisha Koirala_Samrat_Dahal_m_2010_div_2012,Directed,SPOUSE
Manisha_Koirala,Prakash_Koirala,Directed,PARENT
Manisha_Koirala,Koirala_family,Directed,RELATIVE
Amol Palekar,terminal_Amol Palekar_Kamalakar_Palekar_father,Directed,PARENT
Amol Palekar,terminal_Amol Palekar_Suhasini_Palekar_mother,Directed,PARENT
Rimi Sen,terminal_Rimi Sen_Sanghamitra_Sen,Directed,PARENT
Vivek Oberoi,terminal_Vivek Oberoi_Priyanka_Alva_Oberoi_m_2010,Directed,SPOUSE
Irrfan Khan,terminal_Irrfan Khan_Sutapa_Sikdar_m_1995,Directed,SPOUSE
Irrfan Khan,Babil_Khan,Directed,CHILD
Paresh Rawal,Swaroop_Sampat,Directed,SPOUSE
Paresh Rawal,Aditya_Rawal,Directed,CHILD
Rahul Bose,S._P._P._Thorat,Directed,PARENT
Moti_Lal_Kemmu,Kunal_Khemu,Directed,CHILD
Balraj Sahni,Parikshit_Sahni,Directed,CHILD
Balraj Sahni,Bhisham_Sahni,Directed,SIBLING
Balraj Sahni,Anand%E2%80%93Sahni_family,Directed,RELATIVE
Kamal_Haasan,Vani_Ganapathy,Directed,SPOUSE
Kamal_Haasan,Sarika_Thakur,Directed,SPOUSE
Kamal_Haasan,Shruti_Haasan,Directed,CHILD
Kamal_Haasan,Akshara_Haasan,Directed,CHILD
Kamal_Haasan,terminal_Kamal Haasan_Srinivasan_father,Directed,PARENT
Kamal_Haasan,terminal_Kamal Haasan_Rajalakshmi_mother,Directed,PARENT
Kamal_Haasan,List_of_South_Indian_film_families#Haasan_family,Directed,RELATIVE
Asha_Bhosle,R._D._Burman,Directed,SPOUSE
Asha_Bhosle,Varsha_Bhosle,Directed,CHILD
Asha_Bhosle,Deenanath_Mangeshkar,Directed,PARENT
Asha_Bhosle,List_of_Hindi_film_families#Mangeshkar-Hardikar-Abhisheki-Kolhapure_extended_family,Directed,RELATIVE
Asha_Bhosle,Mangeshkar_family,Directed,RELATIVE
Asha_Bhosle,Manikya_dynasty,Directed,RELATIVE
R._D._Burman,terminal_R. D. Burman_Rita_Patel_m_1966_div_1971,Directed,SPOUSE
R._D._Burman,S._D._Burman,Directed,PARENT
R._D._Burman,Meera_Dev_Burman,Directed,PARENT
Dilip Kumar,Saira_Banu,Directed,SPOUSE
Dilip Kumar,terminal_Dilip Kumar_Asma_Rehman_m_1981_div_1983,Directed,SPOUSE
Dilip Kumar,Ayub_Khan_(actor),Directed,NEPHEW
Dilip Kumar,K._Asif,Directed,SIBLING
Dilip Kumar,Mian_Ehsan-ul-Haq,Directed,PARENT
Dilip Kumar,Naseem_Banu,Directed,PARENT
Dilip Kumar,Sayyeshaa,Directed,NIECE
Jeetendra,Shobha_Kapoor,Directed,SPOUSE
Jeetendra,Ekta_Kapoor,Directed,CHILD
Jeetendra,Tusshar_Kapoor,Directed,CHILD
Jeetendra,Abhishek_Kapoor,Directed,NEPHEW
Gayatri Joshi,terminal_Gayatri Joshi_Vikas_Oberoi_m_2005,Directed,SPOUSE
Vidhu Vinod Chopra,Renu_Saluja,Directed,SPOUSE
Vidhu Vinod Chopra,terminal_Vidhu Vinod Chopra_Shabnam_Sukhdev_m_1985_div_1989,Directed,SPOUSE
Vidhu Vinod Chopra,Anupama_Chopra,Directed,SPOUSE
Vidhu Vinod Chopra,Zuni_Chopra,Directed,CHILD
Vidhu Vinod Chopra,Agni_Chopra,Directed,CHILD
Vidhu Vinod Chopra,Ramanand_Sagar,Directed,SIBLING
Vidhu Vinod Chopra,Kamna_Chandra,Directed,PARENT
Vidhu Vinod Chopra,Vikram_Chandra_(novelist),Directed,SIBLING
Vidhu Vinod Chopra,Tanuja_Chandra,Directed,SIBLING
Kabir_Bedi,Protima_Bedi,Directed,SPOUSE
Kabir_Bedi,terminal_Kabir Bedi_Susan_Humphreys_m_1980_div_1990,Directed,SPOUSE
Kabir_Bedi,Nikki_Bedi,Directed,SPOUSE
Kabir_Bedi,terminal_Kabir Bedi_Parveen_Dusanj_m_2016,Directed,SPOUSE
Kabir_Bedi,Pooja_Bedi,Directed,CHILD
Kabir_Bedi,Freda_Bedi,Directed,PARENT
Kabir_Bedi,Alaya_F,Directed,CHILD
Malaika_Arora,Arbaaz_Khan,Directed,SPOUSE
Malaika_Arora,Amrita_Arora,Directed,SIBLING
Rinke_Khanna,terminal_Rinke Khanna_Samir_Saran_m_2003,Directed,SPOUSE
Rinke_Khanna,Rajesh_Khanna,Directed,PARENT
Rinke_Khanna,Dimple_Kapadia,Directed,PARENT
Rinke_Khanna,Twinkle_Khanna,Directed,SIBLING
Rinke_Khanna,List_of_Hindi_film_families#Khanna-Kapadia-Bhatia_family,Directed,RELATIVE
Suchitra_Sen,terminal_Suchitra Sen_Dibanath_Sen_m_1947_died_1970,Directed,SPOUSE
Suchitra_Sen,Moon_Moon_Sen,Directed,CHILD
Suchitra_Sen,Raima_Sen,Directed,CHILD
Suchitra_Sen,Riya_Sen,Directed,CHILD
Esha_Deol,terminal_Esha Deol_Bharat_Takhtani_m_2012_div_2024,Directed,SPOUSE
Gulshan Rai,Rajiv_Rai,Directed,CHILD
Amrish Puri,terminal_Amrish Puri_Urmila_Diveker_m_1957,Directed,SPOUSE
Amrish Puri,Chaman_Puri,Directed,SIBLING
Amrish Puri,Madan_Puri,Directed,SIBLING
Amrish Puri,K._L._Saigal,Directed,SIBLING
Amrish Puri,Vardhan_Puri,Directed,SIBLING
Shah Rukh Khan,Gauri_Khan,Directed,SPOUSE
Shah Rukh Khan,Aryan_Khan,Directed,CHILD
Shah Rukh Khan,Suhana_Khan,Directed,CHILD
Rajinikanth,Latha_Rajinikanth,Directed,SPOUSE
Rajinikanth,Aishwarya_Rajinikanth,Directed,CHILD
Rajinikanth,Soundarya_Rajinikanth,Directed,CHILD
Rajinikanth,List_of_South_Indian_film_families#Rajinikanth_family,Directed,RELATIVE
Mohanlal,terminal_Mohanlal_Suchitra_m_1988,Directed,SPOUSE
Mohanlal,Pranav_Mohanlal,Directed,CHILD
Mohanlal,K._Balaji,Directed,PARENT
Mohanlal,Suresh_Balaje,Directed,PARENT
Mohanlal,B._Unnikrishnan,Directed,PARENT
Arjun Rampal,Mehr_Jesia,Directed,SPOUSE
Tabu (actress),List_of_Hindi_film_families#Akhtar–Azmi–Kher_family,Directed,RELATIVE
Ashok Kumar,terminal_Ashok Kumar_Shobha_Devi_m_1935,Directed,SPOUSE
Ashok Kumar,Preeti_Ganguly,Directed,CHILD
Ashok Kumar,Ganguly_family,Directed,RELATIVE
Ashok Kumar,Mukherjee-Samarth_family,Directed,RELATIVE
Lara Dutta,Mahesh_Bhupathi,Directed,SPOUSE
Amrita Rao,terminal_Amrita Rao_Anmol_Sood_m_2016,Directed,SPOUSE
Amrita Rao,Preetika_Rao,Directed,SIBLING
Raveena Tandon,terminal_Raveena Tandon_Anil_Thadani_m_2004,Directed,SPOUSE
Raveena Tandon,Ravi_Tandon,Directed,PARENT
Raveena Tandon,Rakhee_Tandon_(actress),Directed,SIBLING
Raveena Tandon,Mac_Mohan,Directed,UNCLE
Raveena Tandon,Manjari_Makijany,Directed,COUSIN
Raveena Tandon,Kiran_Rathod,Directed,COUSIN
Fatma Begum,Sidi_Ibrahim_Muhammad_Yakut_Khan_III,Directed,SPOUSE
Fatma Begum,Zubeida,Directed,CHILD
Fatma Begum,Sultana_(actress),Directed,CHILD
Fatma Begum,Jamila_Razzaq,Directed,CHILD
Fatma Begum,Rhea_Pillai,Directed,CHILD
Bhumika Chawla,terminal_Bhumika Chawla_Bharath_Thakur_m_2007,Directed,SPOUSE
Tusshar_Kapoor,Jeetendra,Directed,PARENT
Tusshar_Kapoor,Shobha_Kapoor,Directed,PARENT
Tusshar_Kapoor,Ekta_Kapoor,Directed,SIBLING
Tusshar_Kapoor,Abhishek_Kapoor,Directed,SIBLING
Dimple_Kapadia,Rajesh_Khanna,Directed,SPOUSE
Dimple_Kapadia,Twinkle_Khanna,Directed,CHILD
Dimple_Kapadia,Rinke_Khanna,Directed,CHILD
Dimple_Kapadia,List_of_Hindi_film_families#Khanna-Kapadia-Bhatia_family,Directed,RELATIVE
Juhi Chawla,Jay_Mehta,Directed,SPOUSE
Victor Banerjee,terminal_Victor Banerjee_Maya_Bhate_Banerjee,Directed,SPOUSE
Rituparna Sengupta,terminal_Rituparna Sengupta_Sanjay_Chakrabarty_m_1999,Directed,SPOUSE
Shahid Kapoor,terminal_Shahid Kapoor_Mira_Rajput_m_2015,Directed,SPOUSE
Shahid Kapoor,List_of_Hindi_film_families#Kapur–Pathak–Shah–Pahwa_family,Directed,RELATIVE
Aamir Khan,terminal_Aamir Khan_Reena_Dutta_m_1986_div_2002,Directed,SPOUSE
Aamir Khan,Kiran_Rao,Directed,SPOUSE
Aamir Khan,Junaid_Khan_(Indian_actor),Directed,CHILD
Aamir Khan,Tahir_Hussain,Directed,PARENT
Aamir Khan,List_of_Hindi_film_families#Khan–Hussain_family_(of_Nasir_Hussain),Directed,RELATIVE
Lata Mangeshkar,Deenanath_Mangeshkar,Directed,PARENT
Lata Mangeshkar,terminal_Lata Mangeshkar_Shevanti_Mangeshkar_mother,Directed,PARENT
Lata Mangeshkar,List_of_Hindi_film_families#Mangeshkar-Hardikar-Abhisheki-Kolhapure_extended_family,Directed,RELATIVE
Lata Mangeshkar,Mangeshkar_family,Directed,RELATIVE
Prem_Nazir,terminal_Prem Nazir_Habeeba_Beevi_m_1954,Directed,SPOUSE
Prem_Nazir,Shanavas_(actor),Directed,CHILD
Prem_Nazir,Prem_Nawas,Directed,SIBLING
Mukesh (singer),terminal_Mukesh (singer)_Saral_Trivedi_Raichand_m_1946,Directed,SPOUSE
Mukesh (singer),Nitin_Mukesh,Directed,CHILD
Mukesh (singer),Neil_Nitin_Mukesh,Directed,CHILD
Mehmood (actor),Lucky_Ali,Directed,CHILD
Mehmood (actor),Macky_Ali,Directed,CHILD
Mehmood (actor),Ginny_Ali,Directed,CHILD
Mehmood (actor),Meena_Kumari,Directed,SIBLING
Mehmood (actor),List_of_Hindi_film_clans#Ali-Amrohi_family,Directed,SIBLING
Mehmood (actor),Mehmood_Ali_family,Directed,RELATIVE
Meera Jasmine,terminal_Meera Jasmine_John_Titus_m_2014,Directed,SPOUSE
Pooja Bedi,terminal_Pooja Bedi_Farhan_Ebrahim_Furniturewala_m_1994_div_2003,Directed,SPOUSE
Pooja Bedi,Alaya_F,Directed,CHILD
Pooja Bedi,Kabir_Bedi,Directed,PARENT
Pooja Bedi,Protima_Bedi,Directed,PARENT
Pooja Bedi,Freda_Bedi,Directed,PARENT
Sangeeta Bijlani,Mohammad_Azharuddin,Directed,SPOUSE
Jayan,terminal_Jayan_Madhavan_Pillai,Directed,PARENT
Jayan,terminal_Jayan_Bharathiyamma,Directed,PARENT
Jayan,Jayabharathi,Directed,COUSIN
Nauheed Cyrusi,terminal_Nauheed Cyrusi_Rustom_Contractor_m_2017,Directed,SPOUSE
Madhuri Dixit,terminal_Madhuri Dixit_Shriram_Madhav_Nene_m_1999,Directed,SPOUSE
Salman_Khan,Salim_Khan,Directed,PARENT
Salman_Khan,Helen_(actress),Directed,PARENT
Salman_Khan,Arbaaz_Khan,Directed,SIBLING
Salman_Khan,Alvira_Khan_Agnihotri,Directed,SIBLING
Salman_Khan,Salim_Khan_family,Directed,RELATIVE
Om Puri,Seema_Kapoor,Directed,SPOUSE
Rakesh Roshan,terminal_Rakesh Roshan_Pinkie_Roshan_m_1970,Directed,SPOUSE
Rakesh Roshan,Hrithik_Roshan,Directed,CHILD
Rakesh Roshan,Roshan_(music_director),Directed,PARENT
Rakesh Roshan,Ira_Roshan,Directed,PARENT
Rakesh Roshan,List_of_Hindi_film_clans#Nagrath_family_(Roshan_family),Directed,RELATIVE
Kishore_Kumar,Ruma_Guha_Thakurta,Directed,SPOUSE
Kishore_Kumar,Madhubala,Directed,SPOUSE
Kishore_Kumar,Yogeeta_Bali,Directed,SPOUSE
Kishore_Kumar,Leena_Chandavarkar,Directed,SPOUSE
Kishore_Kumar,Amit_Kumar,Directed,CHILD
Kishore_Kumar,Ganguly_family,Directed,RELATIVE
Kishore_Kumar,Mukherjee-Samarth_family,Directed,RELATIVE
Celina Jaitly,terminal_Celina Jaitly_Peter_Haag_m_2011,Directed,SPOUSE
Celina Jaitly,terminal_Celina Jaitly_4_1_deceased,Directed,CHILD
Madhubala,Chanchal_(actress),Directed,SIBLING
Madhubala,Ganguly_family,Directed,SIBLING
Mani Ratnam,Suhasini_Maniratnam,Directed,SPOUSE
Mani Ratnam,G._Venkateswaran,Directed,SIBLING
Mani Ratnam,Charuhasan,Directed,PARENT
Mani Ratnam,Kamal_Haasan,Directed,UNCLE
Ritwik_Ghatak,Aroma_Dutta,Directed,NIECE
Ritwik_Ghatak,Manish_Ghatak,Directed,NIECE
Ritwik_Ghatak,Mahasweta_Devi,Directed,NIECE
Ritwik_Ghatak,Parambrata_Chatterjee,Directed,NIECE
Ritwik_Ghatak,Nabarun_Bhattacharya,Directed,NIECE
Ritwik_Ghatak,Bijon_Bhattacharya,Directed,NIECE
Sanjay_Dutt,Richa_Sharma_(actress),Directed,SPOUSE
Sanjay_Dutt,Rhea_Pillai,Directed,SPOUSE
Sanjay_Dutt,Manyata_Dutt,Directed,SPOUSE
Sanjay_Dutt,Sunil_Dutt,Directed,PARENT
Sanjay_Dutt,Nargis_Dutt,Directed,PARENT
Sanjay_Dutt,List_of_Hindi_film_clans#Dutt_family_(of_Sunil_Dutt),Directed,RELATIVE
Saeed Jaffrey,Madhur_Jaffrey,Directed,SPOUSE
Saeed Jaffrey,Sakina_Jaffrey,Directed,CHILD
Saeed Jaffrey,Kiara_Advani,Directed,NIECE
Dr. Rajkumar,Parvathamma_Rajkumar,Directed,SPOUSE
Dr. Rajkumar,Shiva_Rajkumar,Directed,CHILD
Dr. Rajkumar,Raghavendra_Rajkumar,Directed,CHILD
Dr. Rajkumar,Puneeth_Rajkumar,Directed,CHILD
Dr. Rajkumar,List_of_South_Indian_film_families#Rajkumar_family,Directed,RELATIVE
Bharat Bhushan,terminal_Bharat Bhushan_Anuradha_BhushanAparajita_Bhushan,Directed,CHILD
Dev_Anand,Kalpana_Kartik,Directed,SPOUSE
Dev_Anand,Suneil_Anand,Directed,CHILD
Dev_Anand,List_of_Hindi_film_clans#Anand–Sahni_family,Directed,RELATIVE
Raaj Kumar,terminal_Raaj Kumar_Gayatri_Kumar,Directed,SPOUSE
Raaj Kumar,Puru_Raaj_Kumar,Directed,CHILD
Mammootty,terminal_Mammootty_Sulfath_m_1979,Directed,SPOUSE
Mammootty,Dulquer_Salmaan,Directed,CHILD
Mammootty,List_of_Hindi_film_families#Mammootty_family,Directed,RELATIVE
Mallika Sherawat,terminal_Mallika Sherawat_Karan_Singh_Gill_m_1997_divorced,Directed,SPOUSE
Soundarya,terminal_Soundarya_G_S_Raghu_m_2003,Directed,SPOUSE
Suniel Shetty,terminal_Suniel Shetty_Monisha_Kadri_m_1991,Directed,SPOUSE
Suniel Shetty,Athiya_Shetty,Directed,CHILD
Suniel Shetty,Ahan_Shetty,Directed,CHILD
Suniel Shetty,KL_Rahul,Directed,CHILD
Subodh Mukherjee,Mukherjee-Samarth_family,Directed,RELATIVE
Preeti Jhangiani,Parvin_Dabbas,Directed,SPOUSE
Minissha Lamba,terminal_Minissha Lamba_Ryan_Tham_m_2015_div_2020,Directed,SPOUSE
Twinkle_Khanna,Akshay_Kumar,Directed,SPOUSE
Twinkle_Khanna,Rajesh_Khanna,Directed,PARENT
Twinkle_Khanna,Dimple_Kapadia,Directed,PARENT
Twinkle_Khanna,List_of_Hindi_film_families#Khanna-Kapadia-Bhatia_family,Directed,RELATIVE
Arbaaz_Khan,Alvira_Khan_Agnihotri,Directed,SIBLING
Arbaaz_Khan,Salim_Khan_family,Directed,RELATIVE
Shakti Kapoor,Siddhanth_Kapoor,Directed,CHILD
Shakti Kapoor,Shraddha_Kapoor,Directed,CHILD
Shakti Kapoor,List_of_Hindi_film_families#Kapoor_family_(of_Shakti_Kapoor),Directed,RELATIVE
Rajesh_Khanna,Twinkle_Khanna,Directed,CHILD
Rajesh_Khanna,Rinke_Khanna,Directed,CHILD
Rajesh_Khanna,Akshay_Kumar,Directed,CHILD
Rajesh_Khanna,Simple_Kapadia,Directed,SIBLING
Preity Zinta,terminal_Preity Zinta_Gene_Goodenough_m_2016,Directed,SPOUSE
Rani Mukerji,Aditya_Chopra,Directed,SPOUSE
Rani Mukerji,Ram_Mukherjee,Directed,PARENT
Rani Mukerji,Mukherjee-Samarth_family,Directed,RELATIVE
Rani Mukerji,List_of_Hindi_film_clans#Chopra_family,Directed,RELATIVE
Yash Chopra,Pamela_Chopra,Directed,SPOUSE
Yash Chopra,Aditya_Chopra,Directed,CHILD
Yash Chopra,Uday_Chopra,Directed,CHILD
Yash Chopra,List_of_Hindi_film_families#Chopra_family,Directed,RELATIVE
Nikki Bedi,Kabir_Bedi,Directed,SPOUSE
Mumtaz (Indian actress),Mayur_Madhvani,Directed,SPOUSE
Mumtaz (Indian actress),terminal_Mumtaz (Indian actress)_2_Natasha_and_Tanya,Directed,CHILD
Mumtaz (Indian actress),Malika_Askari,Directed,SIBLING
Mumtaz (Indian actress),Randhawa_(wrestler),Directed,SIBLING
Mumtaz (Indian actress),Shaad_Randhawa,Directed,SIBLING
Mumtaz (Indian actress),Fardeen_Khan,Directed,SIBLING
Ameesha Patel,Ashmit_Patel,Directed,SIBLING
Ameesha Patel,Rajni_Patel,Directed,SIBLING
Anupam Kher,Kirron_Kher,Directed,SPOUSE
Anupam Kher,Sikandar_Kher,Directed,CHILD
Anupam Kher,Raju_Kher,Directed,SIBLING
Akshay_Kumar,List_of_Hindi_film_families#Khanna-Kapadia-Bhatia_family,Directed,RELATIVE
Udit Narayan,terminal_Udit Narayan_Ranjana_Jha_m_1984_separated,Directed,SPOUSE
Udit Narayan,terminal_Udit Narayan_Deepa_Gahatraj_m_1985,Directed,SPOUSE
Udit Narayan,Aditya_Narayan,Directed,CHILD
Udit Narayan,Shweta_Agarwal,Directed,CHILD
Neha Dhupia,Angad_Bedi,Directed,SPOUSE
Moon_Moon_Sen,Raima_Sen,Directed,CHILD
Moon_Moon_Sen,Riya_Sen,Directed,CHILD
Moon_Moon_Sen,Suchitra_Sen,Directed,PARENT
Raima_Sen,Moon_Moon_Sen,Directed,PARENT
Raima_Sen,Suchitra_Sen,Directed,SIBLING
Suchitra_Sen,terminal_Suchitra_Sen_Dibanath_Sen_m_1947_died_1970,Directed,SPOUSE
Mahesh_Babu,Krishna_(Telugu_actor),Directed,PARENT
Mahesh_Babu,List_of_South_Indian_film_families#Ghattamaneni_family,Directed,RELATIVE
Shilpa_Shirodkar,terminal_Shilpa_Shirodkar_Aparesh_Ranjit_m_2000,Directed,SPOUSE
Shilpa_Shirodkar,Mahesh_Babu,Directed,SIBLING
Yash_Johar,terminal_Yash_Johar_Hiroo_Johar_m_1971,Directed,SPOUSE
Yash_Johar,Karan Johar,Directed,CHILD
Yash_Johar,List_of_Hindi_film_families#Chopra-Johar_family,Directed,RELATIVE
Pratibha_Sinha,Mala Sinha,Directed,PARENT
Gokul_Suresh,Suresh Gopi,Directed,PARENT
Gokul_Suresh,terminal_Gokul_Suresh_Radhika_Nair_mother,Directed,PARENT
Aranmula_Ponnamma,terminal_Aranmula_Ponnamma_Kochu_Krishna_Pillai,Directed,SPOUSE
Aranmula_Ponnamma,terminal_Aranmula_Ponnamma_RajammaRajashekharan,Directed,CHILD
Aranmula_Ponnamma,Suresh Gopi,Directed,CHILD
Siddharth_Roy_Kapur,Aarti_Bajaj,Directed,SPOUSE
Siddharth_Roy_Kapur,List_of_Hindi_film_clans#Roy_Kapur—Balan_family,Directed,RELATIVE
Alvira_Khan_Agnihotri,Atul_Agnihotri,Directed,SPOUSE
Alvira_Khan_Agnihotri,Alizeh_Agnihotri,Directed,CHILD
Alvira_Khan_Agnihotri,List_of_Hindi_film_clans#Khan_family_(of_Salim_Khan),Directed,RELATIVE
Daboo_Malik,terminal_Daboo_Malik_Jyothi_Malik,Directed,SPOUSE
Daboo_Malik,Amaal_Mallik,Directed,CHILD
Daboo_Malik,Armaan_Malik,Directed,CHILD
Daboo_Malik,Sardar_Malik,Directed,PARENT
Daboo_Malik,Anu Malik,Directed,PARENT
Daboo_Malik,Hasrat_Jaipuri,Directed,PARENT
Amaal_Mallik,Sardar_Malik,Directed,PARENT
Amaal_Mallik,Armaan_Malik,Directed,PARENT
Amaal_Mallik,Anu Malik,Directed,PARENT
Armaan_Malik,terminal_Armaan_Malik_Aashna_Shroff_m_2025,Directed,SPOUSE
Hasrat_Jaipuri,Sardar_Malik,Directed,SIBLING
Hasrat_Jaipuri,Anu Malik,Directed,SIBLING
Hasrat_Jaipuri,Daboo_Malik,Directed,SIBLING
Vineeth,terminal_Vineeth_Priscilla_Menon_m_2004,Directed,SPOUSE
Vineeth,List_of_South_Indian_film_families#Travancore_family,Directed,RELATIVE
Parvathy_Jayaram,Jayaram,Directed,SPOUSE
Parvathy_Jayaram,Kalidas_Jayaram,Directed,CHILD
Suchitra_Krishnamoorthi,Anand%E2%80%93Sahni_family,Directed,RELATIVE
Sohaila_Kapur,terminal_Sohaila_Kapur_Anirudh_Limaye_divorced,Directed,SPOUSE
Sohaila_Kapur,terminal_Sohaila_Kapur_Anil_Charnalia_died_1999,Directed,SPOUSE
Sohaila_Kapur,Dev_Anand,Directed,UNCLE
Sohaila_Kapur,Shekhar Kapur,Directed,UNCLE
Sohaila_Kapur,List_of_Hindi_film_families#Anand-Sahni_family,Directed,RELATIVE
Vijay_Anand_(filmmaker),Anand-Sahni_family,Directed,RELATIVE
Purab_Kohli,terminal_Purab_Kohli_Lucy_Payton_m_2016,Directed,SPOUSE
Purab_Kohli,Vishal_Anand,Directed,UNCLE
Prakash_Koirala,Manisha_Koirala,Directed,CHILD
Prakash_Koirala,Siddharth_Koirala,Directed,CHILD
Prakash_Koirala,Koirala_family,Directed,RELATIVE
Babil_Khan,Irrfan Khan,Directed,PARENT
Swaroop_Sampat,Aditya_Rawal,Directed,CHILD
Aditya_Rawal,Paresh Rawal,Directed,PARENT
Aditya_Rawal,Swaroop_Sampat,Directed,PARENT
Parikshit_Sahni,terminal_Parikshit_Sahni_Aruna_Kapoor_died,Directed,SPOUSE
Parikshit_Sahni,terminal_Parikshit_Sahni_Dr_Nandini_Sahni,Directed,SPOUSE
Parikshit_Sahni,Balraj Sahni,Directed,PARENT
Parikshit_Sahni,Bhisham_Sahni,Directed,UNCLE
Parikshit_Sahni,Anand%E2%80%93Sahni_family,Directed,RELATIVE
Bhisham_Sahni,Parikshit_Sahni,Directed,SIBLING
Bhisham_Sahni,Anand%E2%80%93Sahni_family,Directed,SIBLING
Sarika_Thakur,Shruti_Haasan,Directed,CHILD
Sarika_Thakur,Akshara_Haasan,Directed,CHILD
Shruti_Haasan,Kamal_Haasan,Directed,PARENT
Shruti_Haasan,Sarika_Thakur,Directed,PARENT
Shruti_Haasan,List_of_South_Indian_film_families#Kamal_Haasan_family,Directed,RELATIVE
Akshara_Haasan,Shruti_Haasan,Directed,SIBLING
Akshara_Haasan,List_of_Indian_film_families#Haasan_family,Directed,RELATIVE
R._D._Burman,terminal_R._D._Burman_Rita_Patel_m_1966_div_1971,Directed,SPOUSE
Varsha_Bhosle,terminal_Varsha_Bhosle_Hemant_Kenkre_before_1998,Directed,SPOUSE
Varsha_Bhosle,Asha_Bhosle,Directed,PARENT
Varsha_Bhosle,R._D._Burman,Directed,PARENT
Varsha_Bhosle,Mangeshkar_family,Directed,RELATIVE
Varsha_Bhosle,Manikya_dynasty,Directed,RELATIVE
S._D._Burman,Meera_Dev_Burman,Directed,SPOUSE
Mian_Ehsan-ul-Haq,Naseem_Banu,Directed,SPOUSE
Mian_Ehsan-ul-Haq,Saira_Banu,Directed,CHILD
Mian_Ehsan-ul-Haq,Chamiyan_Bai,Directed,PARENT
Mian_Ehsan-ul-Haq,Sayyeshaa,Directed,PARENT
Naseem_Banu,Saira_Banu,Directed,CHILD
Naseem_Banu,Sayyeshaa,Directed,CHILD
Naseem_Banu,Dilip Kumar,Directed,CHILD
Sayyeshaa,Arya_(actor),Directed,SPOUSE
Sayyeshaa,Sumeet_Saigal,Directed,PARENT
Sayyeshaa,terminal_Sayyeshaa_Shaheen_Banu_mother,Directed,PARENT
Sayyeshaa,Chamiyan_Bai,Directed,PARENT
Sayyeshaa,Naseem_Banu,Directed,PARENT
Sayyeshaa,Sathya_(Tamil_actor),Directed,SIBLING
Sayyeshaa,Farah_(actress),Directed,PARENT
Sayyeshaa,Saira_Banu,Directed,AUNT
Sayyeshaa,Dilip Kumar,Directed,UNCLE
Shobha_Kapoor,Ekta_Kapoor,Directed,CHILD
Shobha_Kapoor,Tusshar_Kapoor,Directed,CHILD
Ekta_Kapoor,Jeetendra,Directed,PARENT
Ekta_Kapoor,Shobha_Kapoor,Directed,PARENT
Ekta_Kapoor,Tushar_Kapoor,Directed,SIBLING
Ekta_Kapoor,Abhishek_Kapoor,Directed,COUSIN
Abhishek_Kapoor,Pragya_Yadav,Directed,SPOUSE
Abhishek_Kapoor,Jeetendra,Directed,UNCLE
Abhishek_Kapoor,Ekta_Kapoor,Directed,UNCLE
Abhishek_Kapoor,Tusshar_Kapoor,Directed,UNCLE
Renu_Saluja,Sudhir_Mishra,Directed,SPOUSE
Renu_Saluja,Radha_Saluja,Directed,SIBLING
Anupama_Chopra,Zuni_Chopra,Directed,CHILD
Anupama_Chopra,Agni_Chopra,Directed,CHILD
Anupama_Chopra,Kamna_Chandra,Directed,PARENT
Anupama_Chopra,Vikram_Chandra_(novelist),Directed,SIBLING
Anupama_Chopra,Tanuja_Chandra,Directed,SIBLING
Anupama_Chopra,Ramanand_Sagar,Directed,SIBLING
Zuni_Chopra,Vidhu Vinod Chopra,Directed,PARENT
Zuni_Chopra,Anupama_Chopra,Directed,PARENT
Zuni_Chopra,Agni_Chopra,Directed,SIBLING
Zuni_Chopra,Kamna_Chandra,Directed,SIBLING
Zuni_Chopra,Vikram_Chandra_(novelist),Directed,SIBLING
Zuni_Chopra,Tanuja_Chandra,Directed,SIBLING
Zuni_Chopra,Ramanand_Sagar,Directed,SIBLING
Ramanand_Sagar,terminal_Ramanand_Sagar_Leelavati_Sagar,Directed,SPOUSE
Ramanand_Sagar,Agni_Chopra,Directed,SIBLING
Vikram_Chandra_(novelist),terminal_Vikram_Chandra_(novelist)_Melanie_Abrams_divorced,Directed,SPOUSE
Vikram_Chandra_(novelist),Kamna_Chandra,Directed,PARENT
Vikram_Chandra_(novelist),Tanuja_Chandra,Directed,SIBLING
Vikram_Chandra_(novelist),Agni_Chopra,Directed,SIBLING
Tanuja_Chandra,Kamna_Chandra,Directed,PARENT
Tanuja_Chandra,Agni_Chopra,Directed,SIBLING
Protima_Bedi,Pooja_Bedi,Directed,CHILD
Protima_Bedi,Alaya_F,Directed,CHILD
Pooja_Bedi,terminal_Pooja_Bedi_Farhan_Ebrahim_Furniturewala_m_1994_div_2003,Directed,SPOUSE
Pooja_Bedi,Alaya_F,Directed,CHILD
Pooja_Bedi,Kabir_Bedi,Directed,PARENT
Pooja_Bedi,Protima_Bedi,Directed,PARENT
Pooja_Bedi,Freda_Bedi,Directed,PARENT
Freda_Bedi,terminal_Freda_Bedi_Baba_Pyare_Lal_Bedi_m_1933,Directed,SPOUSE
Freda_Bedi,Kabir_Bedi,Directed,CHILD
Alaya_F,Pooja_Bedi,Directed,PARENT
Alaya_F,List_of_Hindi_film_families#Bedi_family_(of_Kabir_Bedi),Directed,RELATIVE
Amrita_Arora,terminal_Amrita_Arora_Shakeel_Ladak_m_2009,Directed,SPOUSE
Riya_Sen,terminal_Riya_Sen_Shivam_Tewari_m_2017,Directed,SPOUSE
Rajiv_Rai,Sonam_(actress),Directed,SPOUSE
Rajiv_Rai,Gulshan Rai,Directed,PARENT
Chaman_Puri,Madan_Puri,Directed,SIBLING
Chaman_Puri,K._L._Saigal,Directed,COUSIN
Madan_Puri,terminal_Madan_Puri_Ramesh_Puri_Son_Hindi_movie_Director,Directed,CHILD
Madan_Puri,K._L._Saigal,Directed,COUSIN
Vardhan_Puri,Amrish Puri,Directed,PARENT
Gauri_Khan,Aryan_Khan,Directed,CHILD
Gauri_Khan,Suhana_Khan,Directed,CHILD
Aryan_Khan,Shah Rukh Khan,Directed,PARENT
Aryan_Khan,Gauri_Khan,Directed,PARENT
Aryan_Khan,terminal_Aryan_Khan_Suhana_Khan_sister,Directed,SIBLING
Latha_Rajinikanth,Aishwarya_Rajinikanth,Directed,CHILD
Latha_Rajinikanth,Soundarya_Rajinikanth,Directed,CHILD
Latha_Rajinikanth,Ravi_Raghavendra,Directed,SIBLING
Latha_Rajinikanth,Y._G._Mahendran,Directed,SIBLING
Latha_Rajinikanth,Anirudh_Ravichander,Directed,SIBLING
Aishwarya_Rajinikanth,Dhanush,Directed,SPOUSE
Aishwarya_Rajinikanth,Rajinikanth,Directed,PARENT
Aishwarya_Rajinikanth,Latha_Rajinikanth,Directed,PARENT
Aishwarya_Rajinikanth,List_of_South_Indian_film_families#Rajinikanth_family,Directed,RELATIVE
Aishwarya_Rajinikanth,Soundarya_Rajinikanth,Directed,SIBLING
Soundarya_Rajinikanth,terminal_Soundarya_Rajinikanth_Ashwin_Ramkumar_m_2010_div_2017,Directed,SPOUSE
Soundarya_Rajinikanth,terminal_Soundarya_Rajinikanth_Vishagan_Vanangamudi_m_2019,Directed,SPOUSE
Soundarya_Rajinikanth,Rajinikanth,Directed,PARENT
Soundarya_Rajinikanth,Latha_Rajinikanth,Directed,PARENT
Soundarya_Rajinikanth,List_of_South_Indian_film_families#Rajinikanth_family,Directed,SIBLING
Pranav_Mohanlal,Mohanlal,Directed,PARENT
Pranav_Mohanlal,Suchitra_Mohanlal,Directed,PARENT
Pranav_Mohanlal,Vismaya_Mohanlal,Directed,SIBLING
Pranav_Mohanlal,Suresh_Balaje,Directed,UNCLE
Pranav_Mohanlal,K._Balaji,Directed,PARENT
Pranav_Mohanlal,List_of_South_Indian_film_families#Mohanlal-Balaji_family,Directed,RELATIVE
K._Balaji,terminal_K._Balaji_Anandavalli_died_1996,Directed,SPOUSE
K._Balaji,Suresh_Balaje,Directed,CHILD
K._Balaji,T._Rangachari,Directed,PARENT
K._Balaji,Mohanlal,Directed,CHILD
K._Balaji,Pranav_Mohanlal,Directed,CHILD
K._Balaji,Rajalakshmi_Parthasarathy,Directed,COUSIN
K._Balaji,Y._G._Mahendra,Directed,NEPHEW
Suresh_Balaje,terminal_Suresh_Balaje_Usha_Suresh,Directed,SPOUSE
Suresh_Balaje,Suchitra_Mohanlal,Directed,SIBLING
Suresh_Balaje,Mohanlal,Directed,SIBLING
Suresh_Balaje,Pranav_Mohanlal,Directed,SIBLING
B._Unnikrishnan,terminal_B._Unnikrishnan_Rajeswari_Menon,Directed,SPOUSE
B._Unnikrishnan,Mohanlal,Directed,RELATIVE
Preeti_Ganguly,Ganguly_family,Directed,RELATIVE
Ravi_Tandon,Raveena Tandon,Directed,CHILD
Ravi_Tandon,Rakhee_Tandon_(actress),Directed,CHILD
Rakhee_Tandon_(actress),terminal_Rakhee_Tandon_(actress)_Rajiv_Tandon_m_2004_div_2010,Directed,SPOUSE
Mac_Mohan,terminal_Mac_Mohan_Minny_Makijany_m_1986,Directed,SPOUSE
Manjari_Makijany,Mac_Mohan,Directed,PARENT
Sidi_Ibrahim_Muhammad_Yakut_Khan_III,terminal_Sidi_Ibrahim_Muhammad_Yakut_Khan_III_Abdul_Kadir_Khan,Directed,PARENT
Zubeida,terminal_Zubeida_Maharaj_Narsingir_Dhanrajgir_Gyan_Bahadur,Directed,SPOUSE
Zubeida,Sultana_(actress),Directed,SIBLING
Zubeida,Rhea_Pillai,Directed,SIBLING
Zubeida,Jamila_Razzaq,Directed,SIBLING
Sultana_(actress),terminal_Sultana_(actress)_Seth_Razzaq_husband,Directed,SPOUSE
Sultana_(actress),Jamila_Razzaq,Directed,CHILD
Sultana_(actress),Waqar_Hasan,Directed,CHILD
Sultana_(actress),Zubeida,Directed,CHILD
Sultana_(actress),Rhea_Pillai,Directed,CHILD
Jamila_Razzaq,Waqar_Hasan,Directed,SPOUSE
Jamila_Razzaq,Fatma Begum,Directed,PARENT
Jamila_Razzaq,Sidi_Ibrahim_Muhammad_Yakut_Khan_III,Directed,PARENT
Jamila_Razzaq,Zubeida,Directed,PARENT
Jamila_Razzaq,Rhea_Pillai,Directed,PARENT
Jamila_Razzaq,Pervez_Sajjad,Directed,PARENT
Rhea_Pillai,Fatma Begum,Directed,PARENT
Rhea_Pillai,Sidi_Ibrahim_Muhammad_Yakut_Khan_III,Directed,PARENT
Rhea_Pillai,Zubeida,Directed,PARENT
Rhea_Pillai,Sultana_(actress),Directed,PARENT
Rinke_Khanna,terminal_Rinke_Khanna_Samir_Saran_m_2003,Directed,SPOUSE
Jay_Mehta,Nanji_Kalidas_Mehta,Directed,PARENT
Jay_Mehta,Shekhar_Mehta,Directed,PARENT
Kiran_Rao,Aditi_Rao_Hydari,Directed,COUSIN
Junaid_Khan_(Indian_actor),Aamir Khan,Directed,PARENT
Junaid_Khan_(Indian_actor),List_of_Hindi_film_families#Khan–Hussain_family_(of_Nasir_Hussain),Directed,RELATIVE
Tahir_Hussain,terminal_Tahir_Hussain_Zeenat_Hussain_m_1964,Directed,SPOUSE
Tahir_Hussain,Aamir Khan,Directed,CHILD
Tahir_Hussain,List_of_Hindi_film_families#Khan–Hussain_family_(of_Nasir_Hussain),Directed,RELATIVE
Shanavas_(actor),terminal_Shanavas_(actor)_Ayisha,Directed,SPOUSE
Shanavas_(actor),terminal_Shanavas_(actor)_Ajith_Khan_Shameer_Khan,Directed,CHILD
Shanavas_(actor),Prem_Nazir,Directed,PARENT
Shanavas_(actor),terminal_Shanavas_(actor)_Habeeba_Beevi,Directed,PARENT
Shanavas_(actor),Prem_Nawas,Directed,UNCLE
Prem_Nawas,terminal_Prem_Nawas_Sulochana,Directed,SPOUSE
Prem_Nawas,terminal_Prem_Nawas_Prem_Kishore,Directed,CHILD
Prem_Nawas,Shanawas,Directed,SIBLING
Nitin_Mukesh,terminal_Nitin_Mukesh_Nishi_Mukesh_Mathur,Directed,SPOUSE
Neil_Nitin_Mukesh,Nitin_Mukesh,Directed,PARENT
Neil_Nitin_Mukesh,Mukesh_(singer),Directed,PARENT
Macky_Ali,Mehmood_Ali,Directed,PARENT
Macky_Ali,Lucky_Ali,Directed,SIBLING
Macky_Ali,Meena_Kumari,Directed,AUNT
Macky_Ali,Minoo_Mumtaz,Directed,AUNT
Macky_Ali,List_of_Hindi_film_clans#Ali-Amrohi_family,Directed,RELATIVE
Ginny_Ali,Lucky_Ali,Directed,CHILD
Ginny_Ali,Macky_Ali,Directed,CHILD
Ginny_Ali,Meena_Kumari,Directed,SIBLING
Ginny_Ali,List_of_Hindi_film_clans#Ali-Amrohi_family,Directed,SIBLING
Ginny_Ali,Mehmood_Ali_family,Directed,RELATIVE
Kabir_Bedi,terminal_Kabir_Bedi_Susan_Humphreys_m_1980_div_1990,Directed,SPOUSE
Kabir_Bedi,terminal_Kabir_Bedi_Parveen_Dusanj_m_2016,Directed,SPOUSE
Mohammad_Azharuddin,terminal_Mohammad_Azharuddin_Naureen_m_1987_div_1996,Directed,SPOUSE
Mohammad_Azharuddin,terminal_Mohammad_Azharuddin_Shannon_Marie_m_2017,Directed,SPOUSE
Mohammad_Azharuddin,Mohammad_Asaduddin,Directed,CHILD
Jayabharathi,Sathaar,Directed,SPOUSE
Jayabharathi,Krish_J._Sathaar,Directed,CHILD
Jayabharathi,terminal_Jayabharathi_Shivasankaran_Pillai,Directed,PARENT
Jayabharathi,terminal_Jayabharathi_Sharada,Directed,PARENT
Salim_Khan,terminal_Salim_Khan_Salma_Khan_Sushila_Charak_m_1964,Directed,SPOUSE
Salim_Khan,Helen_(actress),Directed,SPOUSE
Salim_Khan,Salman_Khan,Directed,CHILD
Salim_Khan,Arbaaz_Khan,Directed,CHILD
Salim_Khan,Alvira_Khan_Agnihotri,Directed,CHILD
Salim_Khan,Sohail_Khan,Directed,CHILD
Salim_Khan,List_of_Hindi_film_clans#Khan_family_(of_Salim_Khan),Directed,RELATIVE
Helen_(actress),List_of_Hindi_film_clans#Khan_family_(of_Salim_Khan),Directed,RELATIVE
Sohail_Khan,terminal_Sohail_Khan_Seema_Sajdeh_m_1998_div_2022,Directed,SPOUSE
Roshan_(music_director),Ira_Roshan,Directed,SPOUSE
Roshan_(music_director),Rakesh Roshan,Directed,CHILD
Roshan_(music_director),Rajesh_Roshan,Directed,CHILD
Roshan_(music_director),Hrithik_Roshan,Directed,CHILD
Roshan_(music_director),List_of_Hindi_film_clans#Roshan_family,Directed,RELATIVE
Ira_Roshan,Rakesh Roshan,Directed,CHILD
Ira_Roshan,Rajesh_Roshan,Directed,CHILD
Ira_Roshan,List_of_Hindi_film_clans#Roshan_family,Directed,RELATIVE
Ruma_Guha_Thakurta,Amit_Kumar,Directed,CHILD
Yogeeta_Bali,Mithun_Chakraborty,Directed,SPOUSE
Yogeeta_Bali,Mahaakshay_Chakraborty,Directed,CHILD
Yogeeta_Bali,Ushmey_Chakraborty,Directed,CHILD
Yogeeta_Bali,Geeta_Bali,Directed,AUNT
Yogeeta_Bali,Aditya_Raj_Kapoor,Directed,AUNT
Yogeeta_Bali,Hemlata_(singer),Directed,AUNT
Leena_Chandavarkar,Dayanand_Bandodkar,Directed,PARENT
Leena_Chandavarkar,Shashikala_Kakodkar,Directed,SIBLING
Amit_Kumar,terminal_Amit_Kumar_Reema_Ganguly,Directed,SPOUSE
Amit_Kumar,Kishore_Kumar,Directed,PARENT
Amit_Kumar,Ruma_Guha_Thakurta,Directed,PARENT
Amit_Kumar,Madhubala,Directed,PARENT
Amit_Kumar,Yogeeta_Bali,Directed,PARENT
Amit_Kumar,Leena_Chandavarkar,Directed,PARENT
Amit_Kumar,Kajol,Directed,PARENT
Amit_Kumar,Ganguly_family,Directed,RELATIVE
Chanchal_(actress),terminal_Chanchal_(actress)_S_K_Prabhakar_died_Ibrahim,Directed,SPOUSE
Chanchal_(actress),Kishore_Kumar,Directed,SIBLING
Suhasini_Maniratnam,Charuhasan,Directed,PARENT
G._Venkateswaran,terminal_G._Venkateswaran_Sujatha,Directed,SPOUSE
Charuhasan,terminal_Charuhasan_Komalam_m_1953,Directed,SPOUSE
Charuhasan,Suhasini_Maniratnam,Directed,CHILD
Charuhasan,List_of_South_Indian_film_families#Haasan_family,Directed,RELATIVE
Kamal_Haasan,terminal_Kamal_Haasan_Srinivasan_father,Directed,PARENT
Kamal_Haasan,terminal_Kamal_Haasan_Rajalakshmi_mother,Directed,PARENT
Aroma_Dutta,Dhirendranath_Datta,Directed,PARENT
Aroma_Dutta,Ritwik_Kumar_Ghatak,Directed,UNCLE
Manish_Ghatak,terminal_Manish_Ghatak_Dharitri_Devi,Directed,SPOUSE
Manish_Ghatak,Mahasweta_Devi,Directed,CHILD
Mahasweta_Devi,Bijon_Bhattacharya,Directed,SPOUSE
Mahasweta_Devi,Nabarun_Bhattacharya,Directed,CHILD
Mahasweta_Devi,Manish_Ghatak,Directed,PARENT
Mahasweta_Devi,Ritwik_Ghatak,Directed,PARENT
Parambrata_Chatterjee,terminal_Parambrata_Chatterjee_Piya_Chakraborty_m_2023,Directed,SPOUSE
Parambrata_Chatterjee,terminal_Parambrata_Chatterjee_1_child,Directed,CHILD
Parambrata_Chatterjee,Ritwik_Ghatak,Directed,UNCLE
Parambrata_Chatterjee,Mahasweta_Devi,Directed,UNCLE
Parambrata_Chatterjee,Gita_Ghatak,Directed,UNCLE
Nabarun_Bhattacharya,terminal_Nabarun_Bhattacharya_Pranati_Bhattacharya,Directed,SPOUSE
Nabarun_Bhattacharya,Bijon_Bhattacharya,Directed,PARENT
Nabarun_Bhattacharya,Mahashweta_Devi,Directed,PARENT
Nabarun_Bhattacharya,Manish_Ghatak,Directed,PARENT
Nabarun_Bhattacharya,Ritwik_Ghatak,Directed,UNCLE
Bijon_Bhattacharya,Nabarun_Bhattacharya,Directed,CHILD
Nargis_Dutt,Sunil_Dutt,Directed,SPOUSE
Nargis_Dutt,Sanjay_Dutt,Directed,CHILD
Nargis_Dutt,Priya_Dutt,Directed,CHILD
Nargis_Dutt,Jaddanbai,Directed,PARENT
Nargis_Dutt,List_of_Hindi_film_clans#Dutt_family_(of_Sunil_Dutt),Directed,RELATIVE
Madhur_Jaffrey,Sanford_Allen,Directed,SPOUSE
Madhur_Jaffrey,terminal_Madhur_Jaffrey_Zia_Jaffrey,Directed,CHILD
Madhur_Jaffrey,terminal_Madhur_Jaffrey_Meera_Jaffrey,Directed,CHILD
Madhur_Jaffrey,Sakina_Jaffrey,Directed,CHILD
Madhur_Jaffrey,Maya_Jaggi,Directed,NIECE
Madhur_Jaffrey,Raghu_Raj_Bahadur,Directed,COUSIN
Madhur_Jaffrey,Sheila_Dhar,Directed,COUSIN
Sakina_Jaffrey,terminal_Sakina_Jaffrey_Francis_Wilkinson,Directed,SPOUSE
Sakina_Jaffrey,Saeed Jaffrey,Directed,PARENT
Sakina_Jaffrey,Madhur_Jaffrey,Directed,PARENT
Sakina_Jaffrey,Kiara_Advani,Directed,COUSIN
Sakina_Jaffrey,Raghu_Raj_Bahadur,Directed,COUSIN
Kiara_Advani,Sidharth_Malhotra,Directed,SPOUSE
Parvathamma_Rajkumar,Dr._Rajkumar,Directed,SPOUSE
Parvathamma_Rajkumar,Shiva_Rajkumar,Directed,CHILD
Parvathamma_Rajkumar,Raghavendra_Rajkumar,Directed,CHILD
Parvathamma_Rajkumar,Puneeth_Rajkumar,Directed,CHILD
Parvathamma_Rajkumar,List_of_South_Indian_film_families#Rajkumar_family,Directed,RELATIVE
Shiva_Rajkumar,Dr._Rajkumar,Directed,PARENT
Shiva_Rajkumar,Parvathamma_Rajkumar,Directed,PARENT
Shiva_Rajkumar,List_of_Indian_film_families#Rajkumar_family,Directed,RELATIVE
Raghavendra_Rajkumar,terminal_Raghavendra_Rajkumar_Mangala,Directed,SPOUSE
Raghavendra_Rajkumar,Vinay_Rajkumar,Directed,CHILD
Raghavendra_Rajkumar,Yuva_Rajkumar,Directed,CHILD
Raghavendra_Rajkumar,List_of_South_Indian_film_families#Rajkumar_family,Directed,RELATIVE
Puneeth_Rajkumar,terminal_Puneeth_Rajkumar_Ashwini_Revanth_m_1999,Directed,SPOUSE
Puneeth_Rajkumar,Dr._Rajkumar,Directed,PARENT
Puneeth_Rajkumar,Parvathamma_Rajkumar,Directed,PARENT
Puneeth_Rajkumar,List_of_Indian_film_families#Rajkumar_family,Directed,RELATIVE
Kalpana_Kartik,Suneil_Anand,Directed,CHILD
Suneil_Anand,Dev_Anand,Directed,PARENT
Suneil_Anand,Kalpana_Kartik,Directed,PARENT
Suneil_Anand,Anand_family,Directed,RELATIVE
Puru_Raaj_Kumar,terminal_Puru_Raaj_Kumar_Koraljika_Grdak_m_2011,Directed,SPOUSE
Dulquer_Salmaan,terminal_Dulquer_Salmaan_Amal_Sufiya_m_2011,Directed,SPOUSE
Dulquer_Salmaan,Mammootty,Directed,PARENT
Dulquer_Salmaan,List_of_Hindi_film_families#Mammootty_family,Directed,RELATIVE
Athiya_Shetty,KL_Rahul,Directed,SPOUSE
Athiya_Shetty,Suniel Shetty,Directed,PARENT
Athiya_Shetty,Ahan_Shetty,Directed,SIBLING
Ahan_Shetty,Sunil_Shetty,Directed,PARENT
Ahan_Shetty,KL_Rahul,Directed,SIBLING
Siddhanth_Kapoor,Shakti Kapoor,Directed,PARENT
Siddhanth_Kapoor,Shraddha_Kapoor,Directed,SIBLING
Siddhanth_Kapoor,List_of_Hindi_film_families#Kapoor_family_(of_Shakti_Kapoor),Directed,RELATIVE
Shraddha_Kapoor,Shakti Kapoor,Directed,PARENT
Shraddha_Kapoor,List_of_Hindi_film_families#Kapoor_family_(of_Shakti_Kapoor),Directed,RELATIVE
Simple_Kapadia,terminal_Simple_Kapadia_Rajinder_Singh_Shetty_m_1992_div_1999,Directed,SPOUSE
Simple_Kapadia,List_of_Hindi_film_families#Khanna-Kapadia-Bhatia_family,Directed,RELATIVE
Mayur_Madhvani,Mumtaz_(Indian_actress),Directed,SPOUSE
Mayur_Madhvani,Muljibhai_Madhvani,Directed,PARENT
Mayur_Madhvani,Nimisha_Madhvani,Directed,NIECE
Mayur_Madhvani,Malika_Askari,Directed,NIECE
Mayur_Madhvani,Fardeen_Khan,Directed,NIECE
Malika_Askari,Randhawa_(wrestler),Directed,SPOUSE
Malika_Askari,Shaad_Randhawa,Directed,CHILD
Malika_Askari,Mumtaz_(Indian_actress),Directed,SIBLING
Malika_Askari,List_of_Hindi_film_clans#Randhawa_family,Directed,RELATIVE
Randhawa_(wrestler),Shaad_Randhawa,Directed,CHILD
Randhawa_(wrestler),List_of_Hindi_film_clans#Randhawa_family,Directed,RELATIVE
Shaad_Randhawa,List_of_Hindi_film_clans#Randhawa_family,Directed,RELATIVE
Ashmit_Patel,Rajni_Patel,Directed,SIBLING
Rajni_Patel,Ameesha Patel,Directed,CHILD
Rajni_Patel,Ashmit_Patel,Directed,CHILD
Rajni_Patel,Chandrakant_T._Patel,Directed,COUSIN
Kirron_Kher,Sikandar_Kher,Directed,CHILD
Sikandar_Kher,Kirron_Kher,Directed,PARENT
Sikandar_Kher,Anupam Kher,Directed,PARENT
Raju_Kher,terminal_Raju_Kher_Reema_Kher_m_1986,Directed,SPOUSE
Aditya_Narayan,Shweta_Agarwal,Directed,SPOUSE
Aditya_Narayan,Udit Narayan,Directed,PARENT
Shweta_Agarwal,Udit Narayan,Directed,PARENT
Krishna_(Telugu_actor),terminal_Krishna_(Telugu_actor)_Indira_Devi,Directed,SPOUSE
Krishna_(Telugu_actor),Vijaya_Nirmala,Directed,SPOUSE
Krishna_(Telugu_actor),Mahesh_Babu,Directed,CHILD
Krishna_(Telugu_actor),List_of_South_Indian_film_families#Ghattamaneni_family,Directed,RELATIVE
Mala Sinha,terminal_Mala_Sinha_Chidambaram_Prasad_Lohani_m_1966_died_2024,Directed,SPOUSE
Atul_Agnihotri,Alizeh_Agnihotri,Directed,CHILD
Atul_Agnihotri,Rati_Agnihotri,Directed,COUSIN
Atul_Agnihotri,Tanuj_Virwani,Directed,COUSIN
Atul_Agnihotri,List_of_Hindi_film_clans#Khan_family_(of_Salim_Khan),Directed,COUSIN
Alizeh_Agnihotri,Atul_Agnihotri,Directed,PARENT
Alizeh_Agnihotri,Alvira_Khan,Directed,PARENT
Alizeh_Agnihotri,Salim_Khan_family,Directed,RELATIVE
Alizeh_Agnihotri,Rati_Agnihotri,Directed,AUNT
Alizeh_Agnihotri,Tanuj_Virwani,Directed,COUSIN
Sardar_Malik,terminal_Sardar_Malik_Bilqis,Directed,SPOUSE
Anu Malik,terminal_Anu_Malik_Anjali_Vasudev_Bhat,Directed,SPOUSE
Anu Malik,terminal_Anu_Malik_Ada_Malik_daughter,Directed,CHILD
Jayaram,Kalidas_Jayaram,Directed,CHILD
Kalidas_Jayaram,terminal_Kalidas_Jayaram_Tarini_Kalingarayar_m_2024,Directed,SPOUSE
Kalidas_Jayaram,Jayaram,Directed,PARENT
Kalidas_Jayaram,Parvathy_Jayaram,Directed,PARENT
Shekhar Kapur,terminal_Shekhar_Kapur_Medha_Gujral_m_1984_div_1994,Directed,SPOUSE
Manisha_Koirala,terminal_Manisha_Koirala_Samrat_Dahal_m_2010_div_2012,Directed,SPOUSE
Siddharth_Koirala,Prakash_Koirala,Directed,PARENT
Siddharth_Koirala,Manisha_Koirala,Directed,SIBLING
Siddharth_Koirala,Koirala_family,Directed,RELATIVE
Irrfan Khan,terminal_Irrfan_Khan_Sutapa_Sikdar_m_1995,Directed,SPOUSE
Chamiyan_Bai,terminal_Chamiyan_Bai_Nawab_Abdul_Waheed_Khan,Directed,SPOUSE
Chamiyan_Bai,Naseem_Banu,Directed,CHILD
Chamiyan_Bai,Saira_Banu,Directed,CHILD
Sumeet_Saigal,Farah_(actress),Directed,SPOUSE
Sumeet_Saigal,Sayyeshaa,Directed,CHILD
Sumeet_Saigal,Tabu_(actress),Directed,SIBLING
Sumeet_Saigal,Arya_(actor),Directed,SIBLING
Sathya_(Tamil_actor),Arya_(actor),Directed,SIBLING
Farah_(actress),Vindu_Dara_Singh,Directed,SPOUSE
Farah_(actress),List_of_Hindi_film_families#Akhtar–Azmi–Kher_family,Directed,RELATIVE
Tushar_Kapoor,Jeetendra,Directed,PARENT
Tushar_Kapoor,Shobha_Kapoor,Directed,PARENT
Tushar_Kapoor,Abhishek_Kapoor,Directed,SIBLING
Vidhu Vinod Chopra,terminal_Vidhu_Vinod_Chopra_Shabnam_Sukhdev_m_1985_div_1989,Directed,SPOUSE
Sudhir_Mishra,Sushmita_Mukherjee,Directed,SPOUSE
Sudhir_Mishra,D._N._Mishra,Directed,PARENT
Sudhir_Mishra,Dwarka_Prasad_Mishra,Directed,PARENT
Radha_Saluja,terminal_Radha_Saluja_Samim_Zaidi,Directed,SPOUSE
Amrish Puri,terminal_Amrish_Puri_Urmila_Diveker_m_1957,Directed,SPOUSE
Ravi_Raghavendra,terminal_Ravi_Raghavendra_Lakshmi,Directed,SPOUSE
Ravi_Raghavendra,Anirudh_Ravichander,Directed,CHILD
Ravi_Raghavendra,Rajinikanth,Directed,SIBLING
Ravi_Raghavendra,Y._G._Mahendran,Directed,SIBLING
Y._G._Mahendran,terminal_Y._G._Mahendran_Sudha_Mahendra_m_1975,Directed,SPOUSE
Y._G._Mahendran,Madhuvanti_Arun,Directed,CHILD
Y._G._Mahendran,Y._G._Parthasarathy,Directed,PARENT
Y._G._Mahendran,Rajalakshmi_Parthasarathy,Directed,PARENT
Y._G._Mahendran,Rajnikant,Directed,SIBLING
Y._G._Mahendran,List_of_South_Indian_film_families#Vyjayanthimala_family,Directed,RELATIVE
Dhanush,List_of_South_Indian_film_families#Kasthuri_Raja_family,Directed,RELATIVE
Suchitra_Mohanlal,terminal_Suchitra_Mohanlal_Suchitra_m_1988,Directed,SPOUSE
Suchitra_Mohanlal,Pranav_Mohanlal,Directed,CHILD
Suchitra_Mohanlal,K._Balaji,Directed,PARENT
Suchitra_Mohanlal,Suresh_Balaje,Directed,PARENT
Suchitra_Mohanlal,B._Unnikrishnan,Directed,PARENT
Vismaya_Mohanlal,terminal_Vismaya_Mohanlal_Suchitra_m_1988,Directed,SPOUSE
Vismaya_Mohanlal,Pranav_Mohanlal,Directed,CHILD
Vismaya_Mohanlal,K._Balaji,Directed,PARENT
Vismaya_Mohanlal,Suresh_Balaje,Directed,PARENT
Vismaya_Mohanlal,B._Unnikrishnan,Directed,PARENT
Rajalakshmi_Parthasarathy,Y._G._Parthasarathy,Directed,SPOUSE
Rajalakshmi_Parthasarathy,Y._G._Mahendran,Directed,CHILD
Rajalakshmi_Parthasarathy,T._Rangachari,Directed,COUSIN
Rajalakshmi_Parthasarathy,Vyjayanthimala,Directed,COUSIN
Y._G._Mahendra,terminal_Y._G._Mahendra_Sudha_Mahendra_m_1975,Directed,SPOUSE
Y._G._Mahendra,Madhuvanti_Arun,Directed,CHILD
Y._G._Mahendra,Y._G._Parthasarathy,Directed,PARENT
Y._G._Mahendra,Rajalakshmi_Parthasarathy,Directed,PARENT
Y._G._Mahendra,Rajnikant,Directed,SIBLING
Y._G._Mahendra,Ravi_Raghavendra,Directed,SIBLING
Y._G._Mahendra,Latha_Rajinikanth,Directed,SIBLING
Y._G._Mahendra,List_of_South_Indian_film_families#Vyjayanthimala_family,Directed,RELATIVE
Amrita Rao,terminal_Amrita_Rao_Anmol_Sood_m_2016,Directed,SPOUSE
Raveena Tandon,terminal_Raveena_Tandon_Anil_Thadani_m_2004,Directed,SPOUSE
Nanji_Kalidas_Mehta,terminal_Nanji_Kalidas_Mehta_Santoshben_Mehta,Directed,SPOUSE
Nanji_Kalidas_Mehta,Jay_Mehta,Directed,CHILD
Nanji_Kalidas_Mehta,Shekhar_Mehta,Directed,CHILD
Aamir Khan,terminal_Aamir_Khan_Reena_Dutta_m_1986_div_2002,Directed,SPOUSE
Aditi_Rao_Hydari,Satyadeep_Mishra,Directed,SPOUSE
Aditi_Rao_Hydari,Siddharth_(actor),Directed,SPOUSE
Aditi_Rao_Hydari,Vidya_Rao,Directed,PARENT
Aditi_Rao_Hydari,Tyabji_family,Directed,RELATIVE
Prem_Nazir,terminal_Prem_Nazir_Habeeba_Beevi_m_1954,Directed,SPOUSE
Shanawas,terminal_Shanawas_Ayisha,Directed,SPOUSE
Shanawas,terminal_Shanawas_Ajith_Khan_Shameer_Khan,Directed,CHILD
Shanawas,Prem_Nazir,Directed,PARENT
Shanawas,terminal_Shanawas_Habeeba_Beevi,Directed,PARENT
Shanawas,Prem_Nawas,Directed,UNCLE
Mukesh_(singer),terminal_Mukesh_(singer)_Saral_Trivedi_Raichand_m_1946,Directed,SPOUSE
Mukesh_(singer),Nitin_Mukesh,Directed,CHILD
Mukesh_(singer),Neil_Nitin_Mukesh,Directed,CHILD
Mehmood_Ali,Lucky_Ali,Directed,CHILD
Mehmood_Ali,Macky_Ali,Directed,CHILD
Mehmood_Ali,Ginny_Ali,Directed,CHILD
Mehmood_Ali,Meena_Kumari,Directed,SIBLING
Mehmood_Ali,List_of_Hindi_film_clans#Ali-Amrohi_family,Directed,SIBLING
Mehmood_Ali,Mehmood_Ali_family,Directed,RELATIVE
Minoo_Mumtaz,terminal_Minoo_Mumtaz_Sayeed_Ali_Akbar,Directed,SPOUSE
Minoo_Mumtaz,Mumtaz_Ali,Directed,PARENT
Minoo_Mumtaz,List_of_Hindi_film_clans#Ali-Amrohi_family,Directed,RELATIVE
Sathaar,Krish_J._Sathaar,Directed,CHILD
Sathaar,terminal_Sathaar_Khadar_Pillai,Directed,PARENT
Sathaar,terminal_Sathaar_Fathima,Directed,PARENT
Krish_J._Sathaar,terminal_Krish_J._Sathaar_Sonali_Nabeel_m_2020,Directed,SPOUSE
Krish_J._Sathaar,Sathaar,Directed,PARENT
Krish_J._Sathaar,Jayabharathi,Directed,PARENT
Rakesh Roshan,terminal_Rakesh_Roshan_Pinkie_Roshan_m_1970,Directed,SPOUSE
Rajesh_Roshan,terminal_Rajesh_Roshan_2_including_Pashmina_Roshan,Directed,CHILD
Rajesh_Roshan,Roshan_(music_director),Directed,PARENT
Rajesh_Roshan,Ira_Roshan,Directed,PARENT
Rajesh_Roshan,List_of_Hindi_film_clans#Nagrath_family_(Roshan_family),Directed,RELATIVE
Mithun_Chakraborty,Helena_Luke,Directed,SPOUSE
Mithun_Chakraborty,Mahakshay_Chakraborty,Directed,CHILD
Mithun_Chakraborty,Ushmey_Chakraborty,Directed,CHILD
Mithun_Chakraborty,Namashi_Chakraborty,Directed,CHILD
Mithun_Chakraborty,List_of_Hindi_film_clans#Chakraborty_family,Directed,RELATIVE
Mahaakshay_Chakraborty,Madalsa_Sharma,Directed,SPOUSE
Mahaakshay_Chakraborty,Mithun_Chakraborty,Directed,PARENT
Mahaakshay_Chakraborty,Yogeeta_Bali,Directed,PARENT
Mahaakshay_Chakraborty,List_of_Hindi_film_clans#Chakraborty_family,Directed,RELATIVE
Ushmey_Chakraborty,Mithun_Chakraborty,Directed,PARENT
Ushmey_Chakraborty,Yogeeta_Bali,Directed,PARENT
Ushmey_Chakraborty,List_of_Hindi_film_clans#Chakraborty_family,Directed,RELATIVE
Dayanand_Bandodkar,Shashikala_Kakodkar,Directed,CHILD
Dayanand_Bandodkar,Leena_Chandavarkar,Directed,CHILD
Shashikala_Kakodkar,terminal_Shashikala_Kakodkar_Gurudatt_Kakodkar_m_1963,Directed,SPOUSE
Ritwik_Kumar_Ghatak,Aroma_Dutta,Directed,NIECE
Ritwik_Kumar_Ghatak,Manish_Ghatak,Directed,NIECE
Ritwik_Kumar_Ghatak,Mahasweta_Devi,Directed,NIECE
Ritwik_Kumar_Ghatak,Parambrata_Chatterjee,Directed,NIECE
Ritwik_Kumar_Ghatak,Nabarun_Bhattacharya,Directed,NIECE
Ritwik_Kumar_Ghatak,Bijon_Bhattacharya,Directed,NIECE
Mahashweta_Devi,Bijon_Bhattacharya,Directed,SPOUSE
Mahashweta_Devi,Nabarun_Bhattacharya,Directed,CHILD
Mahashweta_Devi,Manish_Ghatak,Directed,PARENT
Mahashweta_Devi,Ritwik_Ghatak,Directed,PARENT
Priya_Dutt,terminal_Priya_Dutt_Owen_Roncon_m_2003,Directed,SPOUSE
Priya_Dutt,Sunil_Dutt,Directed,PARENT
Priya_Dutt,Nargis_Dutt,Directed,PARENT
Priya_Dutt,Sanjay_Dutt,Directed,SIBLING
Priya_Dutt,List_of_Hindi_film_clans#Dutt_family_.28of_Sunil_Dutt.29,Directed,RELATIVE
Jaddanbai,terminal_Jaddanbai_Narottamdas_Khatri,Directed,SPOUSE
Jaddanbai,terminal_Jaddanbai_Irshad_Meer_Khan,Directed,SPOUSE
Jaddanbai,terminal_Jaddanbai_Mohanchand_Uttamchand_Dutt_Abdul_Rashid,Directed,SPOUSE
Jaddanbai,Anwar_Hussain_(actor),Directed,CHILD
Jaddanbai,Nargis_Dutt,Directed,CHILD
Jaddanbai,Priya_Dutt,Directed,CHILD
Jaddanbai,Sanjay_Dutt,Directed,CHILD
Jaddanbai,Sunil_Dutt,Directed,CHILD
Jaddanbai,List_of_Hindi_film_families#Dutt_family_(of_Sunil_Dutt),Directed,CHILD
Maya_Jaggi,Madhur_Jaffrey,Directed,AUNT
Dr._Rajkumar,Shiva_Rajkumar,Directed,CHILD
Dr._Rajkumar,Raghavendra_Rajkumar,Directed,CHILD
Dr._Rajkumar,Puneeth_Rajkumar,Directed,CHILD
Dr._Rajkumar,List_of_South_Indian_film_families#Rajkumar_family,Directed,RELATIVE
Vinay_Rajkumar,Raghavendra_Rajkumar,Directed,PARENT
Vinay_Rajkumar,List_of_South_Indian_film_families#Rajkumar_family,Directed,RELATIVE
Yuva_Rajkumar,Raghavendra_Rajkumar,Directed,PARENT
Yuva_Rajkumar,List_of_South_Indian_film_families#Rajkumar_family,Directed,RELATIVE
Suniel Shetty,terminal_Suniel_Shetty_Monisha_Kadri_m_1991,Directed,SPOUSE
Sunil_Shetty,terminal_Sunil_Shetty_Monisha_Kadri_m_1991,Directed,SPOUSE
Sunil_Shetty,Athiya_Shetty,Directed,CHILD
Sunil_Shetty,Ahan_Shetty,Directed,CHILD
Sunil_Shetty,KL_Rahul,Directed,CHILD
Mumtaz_(Indian_actress),terminal_Mumtaz_(Indian_actress)_2_Natasha_and_Tanya,Directed,CHILD
Mumtaz_(Indian_actress),Randhawa_(wrestler),Directed,SIBLING
Mumtaz_(Indian_actress),Shaad_Randhawa,Directed,SIBLING
Mumtaz_(Indian_actress),Fardeen_Khan,Directed,SIBLING
Muljibhai_Madhvani,Mayur_Madhvani,Directed,CHILD
Muljibhai_Madhvani,Nimisha_Madhvani,Directed,CHILD
Muljibhai_Madhvani,Mumtaz_(Indian_actress),Directed,CHILD
Nimisha_Madhvani,terminal_Nimisha_Madhvani_divorced,Directed,SPOUSE
Nimisha_Madhvani,Muljibhai_Madhvani,Directed,PARENT
Nimisha_Madhvani,Mayur_Madhvani,Directed,PARENT
Udit Narayan,terminal_Udit_Narayan_Ranjana_Jha_m_1984_separated,Directed,SPOUSE
Udit Narayan,terminal_Udit_Narayan_Deepa_Gahatraj_m_1985,Directed,SPOUSE
