ID,Label,IsTerminal,URL
K. Vijaya Bhaskar,K. Vijaya Bhaskar,False,
Ashwni Dhir,Ashwni Dhir,False,
Punit Malhotra,Punit Malhotra,False,
Suneel_Darshan,Suneel Darshan,False,
Dharmesh_Darshan,Dharmesh Darshan,False,
David_Dhawan,David Dhawan,False,
Varun_Dhawan,Varun Dhawan,False,
Manish_Malhotra,Manish Malhotra,False,
Shashi_Kapoor,Shashi Kapoor,False,
Jennifer_Kendal,Jennifer Kendal,False,
"Kunal_Kapoor_(actor,_born_1959)",Kunal,False,
Karan_Kapoor,Karan,False,
Sanjana_Kapoor,Sanjana,False,
Prithviraj_Kapoor,Prithviraj Kapoor,False,
Kapoor_family,Kapoor family,False,
Mukherjee-Samarth family,Mukherjee-Samarth family,False,
Rajiv Kapoor,Rajiv Kapoor,False,
terminal_Rajiv Kapoor_Aarti_Jha_m_2001_div_2003,Aarti Jha​​(m.2001;div.2003)​,True,
Raj_Kapoor,Raj Kapoor,False,
Karisma Kapoor,Karisma Kapoor,False,
Sunjay_Kapur,Sunjay Kapur,False,
Randhir_Kapoor,Randhir Kapoor,False,
Babita_Kapoor,Babita Kapoor,False,
Manilal Joshi,Manilal Joshi,False,
Piyush Jha,Piyush Jha,False,
terminal_Piyush Jha_Priyanka_Sinha_Jha,Priyanka Sinha Jha,True,
Kareena Kapoor Khan,Kareena Kapoor Khan,False,
Saif_Ali_Khan,Saif Ali Khan,False,
Pataudi_family,Pataudi family,False,
Prem Raj,Prem Raj,False,
Bhatt_family,Bhatt family,False,
R. Balki,R. Balki,False,
Gauri_Shinde,Gauri Shinde,False,
Hemant Madhukar,Hemant Madhukar,False,
terminal_Hemant Madhukar_Tripta_Madhukar,Tripta Madhukar,True,
Soni_Razdan,Soni Razdan,False,
Mahesh_Bhatt,Mahesh Bhatt,False,
Alia_Bhatt,Alia Bhatt,False,
Felicity_Kendal,Felicity Kendal,False,
Vishal Mahadkar,Vishal Mahadkar,False,
Fabulous Lives of Bollywood Wives,Fabulous Lives of Bollywood Wive,False,
Joe Rajan,Joe Rajan,False,
terminal_Joe Rajan_Rochelle_D_Souza,Rochelle D'Souza,True,
terminal_Raj Kapoor_Krishna_Malhotra_m_1946,Krishna Malhotra​(m.1946)​,True,
Rishi_Kapoor,Rishi,False,
Rajiv_Kapoor,Rajiv,False,
terminal_Raj Kapoor_Ramsarni_Mehra_Kapoor_mother,Ramsarni Mehra Kapoor (mother),True,
Sridevi: The Eternal Screen Goddess,Sridevi: The Eternal Screen Godde,False,
Subhash Ghai,Subhash Ghai,False,
terminal_Subhash Ghai_Mukta_Ghai_m_1970,Mukta Ghai​(m.1970)​,True,
Nanabhai_Bhatt,Nanabhai Bhatt,False,
terminal_Nanabhai Bhatt_Hemlata_Bhatt,Hemlata Bhatt,True,
Mukesh_Bhatt,Mukesh Bhatt,False,
Robin_Bhatt,Robin Bhatt,False,
B. Gopal,B. Gopal,False,
Phani Majumdar,Phani Majumdar,False,
Priya Krishnaswamy,Priya Krishnaswamy,False,
Akashaditya Lama,Akashaditya Lama,False,
Rajesh A Krishnan,Rajesh A Krishnan,False,
Shyam_Benegal,Shyam Benegal,False,
terminal_Shyam Benegal_Nira_Benegal,Nira Benegal,True,
Guru_Dutt,Guru Dutt,False,
Prem Prakash Modi,Prem Prakash Modi,False,
Aditya_Bhattacharya,Aditya Bhattacharya,False,
Basu_Bhattacharya,Basu Bhattacharya,False,
Rinki_Bhattacharya,Rinki Bhattacharya,False,
Chetan Anand (director),Chetan Anand (director),False,
Uma_Anand,Uma Anand,False,
Ketan_Anand,Ketan Anand,False,
List_of_Hindi_film_clans#Anand-Sahni_family,Anand-Sahni family,False,
Anand_family,Anand family,False,
Shagufta Rafique,Shagufta Rafique,False,
Sayeeda_Khan,Sayeeda Khan,False,
Shivam Nair,Shivam Nair,False,
Himanshu_Rai,Himanshu Rai,False,
Devika_Rani,Devika Rani,False,
terminal_Himanshu Rai_Nilima_Dietze_Hainlin_1926_1997,Nilima Dietze (Hainlin) (1926–1997),True,
Girish Karnad,Girish Karnad,False,
terminal_Girish Karnad_Saraswathy_Ganapathy,Saraswathy Ganapathy,True,
Raghu_Karnad,Raghu Karnad,False,
Aishwarya Rai Bachchan,Aishwarya Rai Bachchan,False,
Abhishek_Bachchan,Abhishek Bachchan,False,
Bachchan_family,Bachchan family,False,
Shashanka Ghosh,Shashanka Ghosh,False,
Kantilal Rathod,Kantilal Rathod,False,
Tinu Suresh Desai,Tinu Suresh Desai,False,
Kamal_Amrohi,Kamal Amrohi,False,
Meena_Kumari,Meena Kumari,False,
Nikkhil Advani,Nikkhil Advani,False,
terminal_Nikkhil Advani_Suparna_Gupta,Suparna Gupta,True,
Asrani,Asrani,False,
Manju_Asrani,Manju Asrani,False,
Rajat Kapoor,Rajat Kapoor,False,
terminal_Rajat Kapoor_Meenal_Agarwal_m_1996,Meenal Agarwal​(m.1996)​,True,
Valmik_Thapar,Valmik Thapar,False,
terminal_Valmik Thapar_Hamir_Thapar,Hamir Thapar,True,
Romesh_Thapar,Romesh Thapar,False,
Romila_Thapar,Romila Thapar,False,
Daya_Ram_Thapar,Daya Ram Thapar,False,
Pran_Nath_Thapar,Pran Nath Thapar,False,
Shammi_Kapoor,Shammi Kapoor,False,
Geeta_Bali,Geeta Bali,False,
Aditya_Raj_Kapoor,Aditya,False,
terminal_Shammi Kapoor_Ramsarni_Mehra_Kapoor_mother,Ramsarni Mehra Kapoor (mother),True,
Subbiraj,Subbiraj,False,
Kumari_Naaz,Kumari Naaz,False,
Uday Shankar Pani,Uday Shankar Pani,False,
Chetan_Anand_(director),Chetan Anand,False,
Anant Balani,Anant Balani,False,
Sachin Kundalkar,Sachin Kundalkar,False,
Sanjana Kapoor,Sanjana Kapoor,False,
Sriram Dalton,Sriram Dalton,False,
Prerna Arora,Prerna Arora,False,
"Mazhar Khan (actor, born 1955)","Mazhar Khan (actor, born 1955)",False,
"terminal_Mazhar Khan (actor, born 1955)_Rubaina_Separated",Rubaina (Separated),True,
Zeenat_Aman,Zeenat Aman,False,
Mukesh Chhabra,Mukesh Chhabra,False,
Karan Kapoor,Karan Kapoor,False,
terminal_Karan Kapoor_Lorna_Kapoor,Lorna Kapoor,True,
Indrajit Nattoji,Indrajit Nattoji,False,
terminal_Indrajit Nattoji_Nandita_Nattoji,Nandita Nattoji,True,
Franz Osten,Franz Osten,False,
Amjad Khan (actor),Amjad Khan (actor),False,
terminal_Amjad Khan (actor)_Shehla_Khan,Shehla Khan,True,
Shadaab_Khan,Shadaab Khan,False,
Jayant_(actor),Jayant,False,
Imtiaz_Khan,Imtiaz Khan,False,
Akhtar_ul_Iman,Akhtar ul Iman,False,
Zafar_Karachiwala,Zafar Karachiwala,False,
Krish Jagarlamudi,Krish Jagarlamudi,False,
Yogesh Mittal,Yogesh Mittal,False,
terminal_Yogesh Mittal_Shilpa_Mittal_2013_present,Shilpa Mittal (2013 – present),True,
Surinder_Kapoor,Surinder Kapoor,False,
terminal_Surinder Kapoor_Nirmal_Kapoor_m_1955,Nirmal Kapoor​(m.1955)​,True,
Boney_Kapoor,Boney Kapoor,False,
Anil_Kapoor,Anil Kapoor,False,
Sanjay_Kapoor,Sanjay Kapoor,False,
List_of_Hindi_film_families#Kapoor_family_(of_Surinder_Kapoor),Surinder Kapoor family,False,
Kalpana_Lajmi,Kalpana Lajmi,False,
Lalita_Lajmi,Lalita Lajmi,False,
Atma_Ram_(director),Atma Ram,False,
Suneel Darshan,Suneel Darshan,False,
K. S. Prasad,K. S. Prasad,False,
Kapoor family,Kapoor family,False,
Sombhu Mitra,Sombhu Mitra,False,
Tripti_Mitra,Tripti Mitra,False,
Shaoli_Mitra,Shaoli Mitra,False,
Sanjay Gadhvi,Sanjay Gadhvi,False,
terminal_Sanjay Gadhvi_Gina,Gina,True,
Amitoj Maan,Amitoj Maan,False,
Sajid Nadiadwala,Sajid Nadiadwala,False,
Divya_Bharti,Divya Bharti,False,
Bhushan Patel,Bhushan Patel,False,
Pramod Chakravorty,Pramod Chakravorty,False,
Mona_Shourie_Kapoor,Mona Shourie Kapoor,False,
Sridevi,Sridevi,False,
Arjun_Kapoor,Arjun,False,
Janhvi_Kapoor,Jahnvi,False,
Khushi_Kapoor,Khushi,False,
Pravin Bhatt,Pravin Bhatt,False,
Ravi Chopra,Ravi Chopra,False,
terminal_Ravi Chopra_Renu_Chopra_m_1975,Renu Chopra​(m.1975)​,True,
B.R._Chopra,B.R. Chopra,False,
List_of_Hindi_film_clans#Chopra_family,Chopra family,False,
Geeta_Dutt,Geeta Ghosh Roy Chowdhuri,False,
Smilie Suri,Smilie Suri,False,
S. A. Chandrasekhar,S. A. Chandrasekhar,False,
Shoba_Chandrasekhar,Shoba Chandrasekhar,False,
Vijay_(actor),Vijay,False,
Vikranth,Vikranth,False,
S._N._Surendar,S. N. Surendar,False,
Kashinath (actor),Kashinath (actor),False,
terminal_Kashinath (actor)_Chandraprabha,Chandraprabha,True,
Aditya Raj Kapoor,Aditya Raj Kapoor,False,
terminal_Aditya Raj Kapoor_Priti_Kapoor_m_1982,Priti Kapoor​(m.1982)​,True,
Janhvi Kapoor,Janhvi Kapoor,False,
Babita,Babita,False,
Karisma_Kapoor,Karisma,False,
Kareena_Kapoor_Khan,Kareena,False,
Agathiyan,Agathiyan,False,
Vijayalakshmi_Agathiyan,Vijayalakshmi Agathiyan,False,
Niranjani_Ahathian,Niranjani Ahathian,False,
Thiru_(director),Thiru,False,
Ribhu Dasgupta,Ribhu Dasgupta,False,
Motilal (actor),Motilal (actor),False,
I. S. Johar,I. S. Johar,False,
Sonia_Sahni,Sonia Sahni,False,
terminal_I. S. Johar_and_three_others,and three other,True,
Siddharth P. Malhotra,Siddharth P. Malhotra,False,
Prem_Kishen,Prem Kishen,False,
Prem_Nath,Prem Nath,False,
Rajendra_Nath,Rajendra Nath,False,
Narendra_Nath,Narendra Nath,False,
Ramkumar Bohra,Ramkumar Bohra,False,
terminal_Ramkumar Bohra_Madankumari_Bohra_m_1932_died_1991,Madankumari Bohra​​(m.1932; died 1991)​,True,
Karanvir_Bohra,Karanvir Bohra,False,
Abhishek Pathak,Abhishek Pathak,False,
Shivaleeka_Oberoi,Shivaleeka Oberoi Pathak,False,
terminal_Abhishek Pathak_Kumar_Mangat_Pathak_father,Kumar Mangat Pathak (father),True,
terminal_Abhishek Pathak_Neelam_Pathak_mother,Neelam Pathak (mother),True,
Amita_Pathak,Amita Pathak,False,
Khushi Kapoor,Khushi Kapoor,False,
Nabendu Ghosh,Nabendu Ghosh,False,
Harivansh_Rai_Bachchan,Harivansh Rai Bachchan,False,
Teji_Bachchan,Teji Bachchan,False,
Amitabh_Bachchan,Amitabh Bachchan,False,
Harsh Varrdhan Kapoor,Harsh Varrdhan Kapoor,False,
Udita_Goswami,Udita Goswami,False,
Mohit_Suri,Mohit Suri,False,
Imtiaz Ali (director),Imtiaz Ali (director),False,
terminal_Imtiaz Ali (director)_Preety_Ali_m_1995,Preety Ali​(m.1995)​,True,
Khalid_Ahmed,Khalid Ahmed,False,
J. P. Dutta,J. P. Dutta,False,
Bindiya_Goswami,Bindiya Goswami,False,
terminal_Mahesh Bhatt_Lorraine_Bright_m_1970,Lorraine Bright​(m.1970)​,True,
Ken Ghosh,Ken Ghosh,False,
Sujoy Ghosh,Sujoy Ghosh,False,
Amrita_Singh,Amrita Singh,False,
Kareena_Kapoor,Kareena Kapoor,False,
Sara_Ali_Khan,Sara Ali Khan,False,
Ibrahim_Ali_Khan_(actor),Ibrahim Ali Khan,False,
Mansoor_Ali_Khan_Pataudi,Mansoor Ali Khan,False,
Sharmila_Tagore,Sharmila Tagore,False,
Anand family,Anand family,False,
Lawrence D'Souza,Lawrence D'Souza,False,
terminal_Lawrence D'Souza_Andria_D_Souza,Andria D'Souza,True,
Kalees,Kalee,False,
Mudassar Aziz,Mudassar Aziz,False,
terminal_Robin Bhatt_Hemlata_Bhatt_mother,Hemlata Bhatt (mother),True,
Rahul Bhatt,Rahul Bhatt,False,
Bachchan family,Bachchan family,False,
Anshai Lal,Anshai Lal,False,
Eeshwar Nivas,Eeshwar Niva,False,
terminal_Eeshwar Nivas_Priyanka,Priyanka,True,
Rishi Kapoor,Rishi Kapoor,False,
Neetu_Singh,Neetu Singh,False,
Ranbir_Kapoor,Ranbir,False,
Ravindra_Kapoor,Ravindra Kapoor,False,
Kamal_Kapoor,Kamal Kapoor,False,
Kapil_Kapoor,Kapil Kapoor,False,
List_of_Hindi_film_families#Behl_family,Behl family,False,
Pooja Bhatt,Pooja Bhatt,False,
Manish_Makhija,Manish Makhija,False,
Shomu_Mukherjee,Shomu Mukherjee,False,
Tanuja,Tanuja,False,
Kajol,Kajol,False,
Tanisha_Mukherjee,Tanisha,False,
Ram_Mukherjee,Ram Mukherjee,False,
Mukherjee-Samarth_family,Mukherji family,False,
Ganguly_family,Ganguly family,False,
Krishnan–Panju,Krishnan–Panju,False,
Rhea Kapoor,Rhea Kapoor,False,
terminal_Rhea Kapoor_Karan_Boolani_m_2021,Karan Boolani​(m.2021)​,True,
"Kunal Kapoor (actor, born 1959)","Kunal Kapoor (actor, born 1959)",False,
"terminal_Kunal Kapoor (actor, born 1959)_Sheena_Sippy_divorced",Sheena Sippy​(divorced)​,True,
Samir Ganguly,Samir Ganguly,False,
Nikhil_Nanda,Nikhil Nanda,False,
Shweta_Bachchan_Nanda,Shweta Bachchan,False,
Abhishek Jain,Abhishek Jain,False,
terminal_Abhishek Jain_Nayan_Jain_Brother,Nayan Jain (Brother),True,
Bejoy Nambiar,Bejoy Nambiar,False,
Juhi_Babbar,Juhi Babbar,False,
Sheetal_Menon,Sheetal Menon,False,
Pataudi family,Pataudi family,False,
Jayaraj,Jayaraj,False,
Mehmood Ali family,Mehmood Ali family,False,
Shimit Amin,Shimit Amin,False,
Megha_Ramaswamy,Megha Ramaswamy,False,
terminal_Sanjay Kapoor_Maheep_Kapoor_m_1997,Maheep Kapoor​(m.1997)​,True,
Vishesh Films,Vishesh Film,False,
Tinnu Anand,Tinnu Anand,False,
terminal_Tinnu Anand_Shahnaz_Anand,Shahnaz Anand,True,
terminal_Tinnu Anand_2_Isha_Anand_Diksha_Anand,2 (Isha Anand & Diksha Anand),True,
Inder_Raj_Anand,Inder Raj Anand,False,
Siddharth_Anand,Siddharth Anand,False,
Mukul_Anand,Mukul Anand,False,
Agha_(actor),Agha,False,
Jalal_Agha,Jalal Agha,False,
Gulzar,Gulzar,False,
Rakhee_Gulzar,Rakhee Gulzar,False,
Meghna_Gulzar,Meghna Gulzar,False,
Anurag Kashyap,Anurag Kashyap,False,
Aarti_Bajaj,Aarti Bajaj,False,
Kalki_Koechlin,Kalki Koechlin,False,
Abhinav_Kashyap,Abhinav Kashyap,False,
Rahul Nath,Rahul Nath,False,
Hema_Malini,Hema Malini,False,
Dharmendra,Dharmendra,False,
Esha_Deol,Esha Deol,False,
List_of_Hindi_film_clans#Deol_family,Deol family,False,
Aishwarya_Rai,Aishwarya Rai,False,
Jaya_Bhaduri,Jaya Bhaduri,False,
Sunil Manchanda,Sunil Manchanda,False,
Ajit Pal Mangat,Ajit Pal Mangat,False,
Rohit Jugraj Chauhan,Rohit Jugraj Chauhan,False,
Vikram Bhatt,Vikram Bhatt,False,
Pravin_Bhatt,Pravin Bhatt,False,
Vijay_Bhatt,Vijay Bhatt,False,
Arun_Bhatt,Arun Bhatt,False,
Chirantan_Bhatt,Chirantan Bhatt,False,
List_of_Hindi_film_families#Bhatt_family_(of_Vijay_Bhatt),Bhatt family (of Vijay Bhatt),False,
terminal_Anil Kapoor_Sunita_Bhavnani_m_1984,Sunita Bhavnani​(m.1984)​,True,
Sonam_Kapoor,Sonam,False,
Rhea_Kapoor,Rhea,False,
Harsh_Varrdhan_Kapoor,Harsh Varrdhan,False,
Ajay Devgn,Ajay Devgn,False,
Veeru_Devgan,"Virender ""Veeru"" Devgan",False,
Devgan_family,Devgan,False,
Zahan Kapoor,Zahan Kapoor,False,
Zoya_Akhtar,Zoya Akhtar,False,
Javed_Akhtar,Javed Akhtar,False,
Honey_Irani,Honey Irani,False,
List_of_Hindi_film_clans#Akhtar–Azmi–_family,Akhtar family,False,
Kunal Kohli,Kunal Kohli,False,
terminal_Kunal Kohli_Ravina_Kohli,Ravina Kohli,True,
terminal_Kunal Kohli_1_daughter,1 (daughter),True,
Rohit_Dhawan,Rohit Dhawan,False,
Hiren Nag,Hiren Nag,False,
Ashutosh_Gowariker,Ashutosh Gowariker,False,
Sunita_Gowariker,Sunita Mukherjee,False,
A. Bhimsingh,A. Bhimsingh,False,
Sukumari,Sukumari,False,
B._Lenin,B. Lenin,False,
B._Kannan,B. Kannan,False,
List_of_South_Indian_film_families#Travancore_family,Travancore family,False,
Amit Goswamy,Amit Goswamy,False,
Arjun Kapoor,Arjun Kapoor,False,
Mona_Shourie,Mona Shourie,False,
Emraan Hashmi,Emraan Hashmi,False,
terminal_Emraan Hashmi_Parveen_Shahani_m_2006,Parveen Shahani​(m.2006)​,True,
Nitya Mehra,Nitya Mehra,False,
terminal_Nitya Mehra_Karan_Kapadiya_m_2015,Karan Kapadiya (m. 2015),True,
Govind Nihalani,Govind Nihalani,False,
Ranbir Kapoor,Ranbir Kapoor,False,
Jaya Bachchan,Jaya Bachchan,False,
Vijay Kapoor,Vijay Kapoor,False,
terminal_Vijay Kapoor_Veena_Kapoor_m_1963,Veena Kapoor (m. 1963),True,
Trilok Kapoor,Trilok Kapoor,False,
Sonam Kapoor,Sonam Kapoor,False,
terminal_Sonam Kapoor_Anand_Ahuja_m_2018,Anand Ahuja​(m.2018)​,True,
Sridevi (unreleased film),Sridevi (unreleased film),False,
Khwaabon Ka Safar with Mahesh Bhatt,Khwaabon Ka Safar with Mahesh Bhatt,False,
terminal_Kamal Kapoor_Suman_Devi_m_1945,Suman Devi​(m.1945)​,True,
terminal_Kamal Kapoor_5_including_Kapil_Kapoor,"5, including Kapil Kapoor",True,
Ramesh_Behl,Ramesh Behl,False,
Goldie_Behl,Goldie Behl,False,
Zahrah S. Khan,Zahrah S. Khan,False,
Rehmat_Khan,Rehmat Khan,False,
Salma_Agha,Salma Agha,False,
Khan_squash_family,Khan family,False,
terminal_Prithviraj Kapoor_Ramsarni_Mehra_m_1923,Ramsarni Mehra​(m.1923)​,True,
Vishesh_Bhatt,Vishesh Bhatt,False,
Ganguly family,Ganguly family,False,
Jawed_Sheikh,Jawed Sheikh,False,
Zara_Khan,Zara Khan,False,
List_of_Hindi_film_families#Agha_family,Agha family,False,
Shweta Bachchan Nanda,Shweta Bachchan Nanda,False,
Ketan Desai (director),Ketan Desai (director),False,
terminal_David_Dhawan_Karuna_Dhawan,Karuna Dhawan,True,
List_of_Hindi_film_clans#Dhawan_family,Dhawan family,False,
terminal_Varun_Dhawan_Natasha_Dalal_m_2021,Natasha Dalal​(m.2021)​,True,
terminal_Varun_Dhawan_Karuna_Dhawan_mother,Karuna Dhawan (mother),True,
"terminal_Kunal_Kapoor_(actor,_born_1959)_Sheena_Sippy_divorced",Sheena Sippy​(divorced)​,True,
terminal_Karan_Kapoor_Lorna_Kapoor,Lorna Kapoor,True,
terminal_Prithviraj_Kapoor_Ramsarni_Mehra_m_1923,Ramsarni Mehra​(m.1923)​,True,
terminal_Raj_Kapoor_Krishna_Malhotra_m_1946,Krishna Malhotra​(m.1946)​,True,
terminal_Raj_Kapoor_Ramsarni_Mehra_Kapoor_mother,Ramsarni Mehra Kapoor (mother),True,
Nandita_Mahtani,Nandita Mahtani,False,
terminal_Mahesh_Bhatt_Lorraine_Bright_m_1970,Lorraine Bright​(m.1970)​,True,
Drewe_Henley,Drewe Henley,False,
Michael_Rudman,Michael Rudman,False,
Charley_Henley,Charley Henley,False,
Geoffrey_Kendal,Geoffrey Kendal,False,
terminal_Felicity_Kendal_Laura_Liddell_mother,Laura Liddell (mother),True,
terminal_Rajiv_Kapoor_Aarti_Jha_m_2001_div_2003,Aarti Jha​​(m.2001;div.2003)​,True,
terminal_Mukesh_Bhatt_Neelima_Bhatt,Neelima Bhatt,True,
terminal_Mukesh_Bhatt_Shirin_Mohammed_Ali_mother,Shirin Mohammed Ali (mother),True,
terminal_Robin_Bhatt_Hemlata_Bhatt_mother,Hemlata Bhatt (mother),True,
Bimal_Roy,Bimal Roy,False,
Brij_Sadanah,Brij Sadanah,False,
Kamal_Sadanah,Kamal,False,
Jyothika,Jyothika,False,
Svetoslav_Roerich,Svetoslav Roerich,False,
Jayanto_Nath_Chaudhuri,Jayanto Nath Chaudhuri,False,
Pramatha_Chaudhuri,Pramatha Chaudhuri,False,
Rabindranath_Tagore,Rabindranath Tagore,False,
List_of_Hindi_film_clans#Ali-Amrohi_family,Ali-Amrohi family,False,
Asrani_(actor),Govardhan Asrani,False,
terminal_Pran_Nath_Thapar_Bimla_Thapar,Bimla Thapar,True,
Karan_Thapar,Karan Thapar,False,
terminal_Aditya_Raj_Kapoor_Priti_Kapoor_m_1982,Priti Kapoor​(m.1982)​,True,
terminal_Valmik_Thapar_Hamir_Thapar,Hamir Thapar,True,
Sanjay_Khan,Sanjay Khan,False,
"Mazhar_Khan_(actor,_born_1955)",Mazhar Khan,False,
List_of_Hindi_film_families#Murad–Rai-Aman_family,Murad–Rai-Aman family,False,
terminal_Shadaab_Khan_Rumana_Achwa_m_2005,Rumana Achwa​(m.2005)​,True,
Amjad_Khan_(actor),Amjad Khan,False,
Kruttika_Desai,Kruttika Desai,False,
terminal_Imtiaz_Khan_Ayesha_Khan,Ayesha Khan,True,
terminal_Akhtar_ul_Iman_Sultana_Iman,Sultana Iman,True,
terminal_Anil_Kapoor_Sunita_Bhavnani_m_1984,Sunita Bhavnani​(m.1984)​,True,
terminal_Sanjay_Kapoor_Maheep_Kapoor_m_1997,Maheep Kapoor​(m.1997)​,True,
terminal_Surinder_Kapoor_Nirmal_Kapoor_m_1955,Nirmal Kapoor​(m.1955)​,True,
terminal_B.R._Chopra_Prakash_Chopra,Prakash Chopra,True,
terminal_Shyam_Benegal_Nira_Benegal,Nira Benegal,True,
List_of_South_Indian_film_families#Chandrasekhar_family,Chandrasekhar family,False,
terminal_Vikranth_Maanasa_Hemachandran_m_2009,Maanasa Hemachandran​​(m.2009)​,True,
Viraj_(actor),Viraj,False,
terminal_Shammi_Kapoor_Ramsarni_Mehra_Kapoor_mother,Ramsarni Mehra Kapoor (mother),True,
terminal_Vijayalakshmi_Agathiyan_Feroz_Mohammed,Feroz Mohammed,True,
terminal_Niranjani_Ahathian_Desingh_Periyasamy,Desingh Periyasamy,True,
Vijayalakshmi_Feroz,Vijayalakshmi Feroz,False,
terminal_Thiru_(director)_Kani_Thiru,Kani Thiru,True,
Vijayalakshmi,Vijayalakshmi,False,
terminal_Sonia_Sahni_Shivendra_Singh_Goyal_died_1990,Shivendra Singh Goyal​​(died 1990)​,True,
Bina_Rai,Bina Rai,False,
Prem_Krishen,Prem Krishen,False,
Prem_Chopra,Prem Chopra,False,
List_of_Hindi_film_clans#Bohra_family,Bohra family,False,
Raghav_Sachar,Raghav Sachar,False,
Imtiaz_Ali_(director),Imtiaz Ali,False,
Vinod_Mehra,Vinod Mehra,False,
J.P._Dutta,J.P. Dutta,False,
terminal_Nanabhai_Bhatt_Hemlata_Bhatt,Hemlata Bhatt,True,
Rukhsana_Sultana,Rukhsana Sultana,False,
"List_of_Hindi_film_families#Khan–Banu_family_(of_Yusuf_Khan_aka_Dilip_Kumar,_Saira_Banu,_and_Nasir_Khan)",Khan–Banu family,False,
Iftikhar_Ali_Khan_Pataudi,Iftikhar Ali Khan,False,
Sajida_Sultan,Sajida Sultan,False,
Saba_Ali_Khan,Saba,False,
Soha_Ali_Khan,Soha,False,
Tagore_family,Tagore family,False,
terminal_Kamal_Kapoor_Suman_Devi_m_1945,Suman Devi​(m.1945)​,True,
terminal_Kamal_Kapoor_5_including_Kapil_Kapoor,"5, including Kapil Kapoor",True,
Masumeh_Makhija,Masumeh Makhija,False,
Kumarsen_Samarth,Kumarsen Samarth,False,
Shobhna_Samarth,Shobhna Samarth,False,
terminal_Ram_Mukherjee_Krishna_Mukherjee_m_1972,Krishna Mukherjee​(m.1972)​,True,
terminal_Ram_Mukherjee_Raja_son,Raja (son),True,
Rani_Mukerji,Rani,False,
Anup_Soni,Anup Soni,False,
List_of_Hindi_film_clans#Babbar_family,Babbar family,False,
terminal_Inder_Raj_Anand_Bittu_Anand,Bittu Anand,True,
terminal_Siddharth_Anand_Mamta_Bhatia,Mamta Bhatia,True,
terminal_Mukul_Anand_Anita,Anita,True,
terminal_Mukul_Anand_Mikhail_Alishka,"Mikhail, Alishka",True,
terminal_Meghna_Gulzar_Govind_Sandhu,Govind Sandhu,True,
terminal_Kalki_Koechlin_Guy_Hershberg_m_2024,Guy Hershberg​(m.2024)​,True,
Koechlin_family,Koechlin family,False,
terminal_Abhinav_Kashyap_Chatura_Rao_m_1997_div_2017,Chatura Rao​​(m.1997;div.2017)​,True,
terminal_Dharmendra_Prakash_Kaur_m_1954,Prakash Kaur​(m.1954)​,True,
Sunny_Deol,Sunny,False,
Bobby_Deol,Bobby,False,
List_of_Hindi_film_families#Deol_family,Deol family,False,
terminal_Esha_Deol_Bharat_Takhtani_m_2012_div_2024,Bharat Takhtani​​(m.2012;div.2024)​,True,
terminal_Vijay_Bhatt_Rama_Bhatt,Rama Bhatt,True,
terminal_Sonam_Kapoor_Anand_Ahuja_m_2018,Anand Ahuja​(m.2018)​,True,
terminal_Rhea_Kapoor_Karan_Boolani_m_2021,Karan Boolani​(m.2021)​,True,
terminal_Veeru_Devgan_Veena_Devgan_m_1968,Veena Devgan​(m.1968)​,True,
Shabana_Azmi,Shabana Azmi,False,
Farhan_Akhtar,Farhan Akhtar,False,
Fazl-e-Haq_Khairabadi,Fazl-e-Haq Khairabadi,False,
Muztar_Khairabadi,Muztar Khairabadi,False,
Hamida_Salim,Hamida Salim,False,
Ansar_Harvani,Ansar Harvani,False,
Majaz,Majaz,False,
Salman_Akhtar,Salman Akhtar,False,
Daisy_Irani_(actress),Daisy Irani,False,
Farah_Khan,Farah Khan,False,
Sajid_Khan_(director),Sajid Khan,False,
terminal_Rohit_Dhawan_Jaanvi_Desai_m_2012,Jaanvi Desai​(m.2012)​,True,
List_of_Hindi_film_families#Dhawan_family,Dhawan Family,False,
Deb_Mukherjee,Deb Mukherjee,False,
terminal_B._Kannan_Kanchana_Kannan,Kanchana Kannan,True,
terminal_Ramesh_Behl_Madhu_Behl,Madhu Behl,True,
Rajendra_Kumar,Rajendra Kumar,False,
Ishan_Arya,Sameer Arya,False,
Ravi_Behl,Ravi Behl,False,
Sonali_Bendre,Sonali Bendre,False,
terminal_Jawed_Sheikh_Zinat_Mangi,Zinat Mangi,True,
Shahzad_Sheikh,Shahzad Sheikh,False,
Momal_Sheikh,Momal Sheikh,False,
Saleem_Sheikh,Saleem Sheikh,False,
Behroze_Sabzwari,Behroze Sabzwari,False,
Shehroz_Sabzwari,Shehroz Sabzwari,False,
Sanjay_Kapur,Sanjay Kapur,False,
Jacqueline_Pearce,Jacqueline Pearce,False,
terminal_Drewe_Henley_Lyn_Henley_m_1983_died_2015,Lyn Henley​​(m.1983; died 2015)​,True,
terminal_Geoffrey_Kendal_Laura_Liddell_1933_1992_her_death,Laura Liddell(1933–1992; her death),True,
terminal_Bimal_Roy_Manobina_Roy,Manobina Roy,True,
terminal_Kamal_Sadanah_Lisa_John,Lisa John,True,
terminal_Kamal_Sadanah_Angath_Sadanah,Angath Sadanah,True,
Suriya,Suriya,False,
List_of_Hindi_film_families#Sadanah_Family,Sadanah family,False,
List_of_South_Indian_film_families#Sivakumar_family,Sivakumar family,False,
terminal_Himanshu_Rai_Nilima_Dietze_Hainlin_1926_1997,Nilima Dietze (Hainlin) (1926–1997),True,
Nicholas_Roerich,Nicholas Roerich,False,
Helena_Roerich,Helena Roerich,False,
George_de_Roerich,George de Roerich,False,
Indira_Devi_Chaudhurani,Indira Devi Chaudhurani,False,
Prasannamoyee_Devi,Prasannamoyee Devi,False,
Priyamvada_Devi,Priyamvada Devi,False,
Mrinalini_Devi,Mrinalini Devi,False,
Rathindranath_Tagore,Rathindranath Tagore,False,
terminal_Girish_Karnad_Saraswathy_Ganapathy,Saraswathy Ganapathy,True,
Sussanne_Khan,Sussanne,False,
Zayed_Khan,Zayed,False,
Feroz_Khan_(actor),Feroz Khan,False,
Akbar_Khan_(director),Akbar Khan,False,
Fardeen_Khan,Fardeen Khan,False,
"terminal_Mazhar_Khan_(actor,_born_1955)_Rubaina_Separated",Rubaina (Separated),True,
terminal_Amjad_Khan_(actor)_Shehla_Khan,Shehla Khan,True,
terminal_Kruttika_Desai_Ayesha_Khan,Ayesha Khan,True,
terminal_Ravi_Chopra_Renu_Chopra_m_1975,Renu Chopra​(m.1975)​,True,
terminal_Vijayalakshmi_Feroz_Feroz_Mohammed,Feroz Mohammed,True,
terminal_Prem_Chopra_Uma_Malhotra_m_1969,Uma Malhotra​(m.1969)​,True,
Sharman_Joshi,Sharman Joshi,False,
Vikas_Bhalla,Vikas Bhalla,False,
terminal_Abhishek_Pathak_Kumar_Mangat_Pathak_father,Kumar Mangat Pathak (father),True,
terminal_Abhishek_Pathak_Neelam_Pathak_mother,Neelam Pathak (mother),True,
terminal_Imtiaz_Ali_(director)_Preety_Ali_m_1995,Preety Ali​(m.1995)​,True,
Soniya_Mehra,Soniya Mehra,False,
Rohan_Mehra_(born_1991),Rohan Mehra,False,
terminal_Rukhsana_Sultana_Shivinder_Singh_Virk_divorced,Shivinder Singh Virk (divorced),True,
Begum_Para,Begum Para,False,
Nasir_Khan_(actor),Nasir Khan,False,
Ayub_Khan_(actor),Ayub Khan,False,
terminal_Iftikhar_Ali_Khan_Pataudi_Muhammad_Ibrahim_Ali_Khan_Pataudi,Muhammad Ibrahim Ali Khan Pataudi,True,
terminal_Iftikhar_Ali_Khan_Pataudi_Shahar_Bano_Begum,Shahar Bano Begum,True,
Hamidullah_Khan,Hamidullah Khan,False,
terminal_Sajida_Sultan_Maimoona_Sultan,Maimoona Sultan,True,
Kunal_Khemu,Kunal Khemu,False,
Shandilya,Shandilya,False,
Shobhana_Samarth,Shobhana Samarth,False,
Nutan,Nutan,False,
terminal_Shobhna_Samarth_Prabhakar_Shilotri_father,Prabhakar Shilotri (father),True,
Rattan_Bai,Rattan Bai,False,
Aditya_Chopra,Aditya Chopra,False,
terminal_Tinnu_Anand_Shahnaz_Anand,Shahnaz Anand,True,
terminal_Tinnu_Anand_2_Isha_Anand_Diksha_Anand,2 (Isha Anand & Diksha Anand),True,
terminal_Sunny_Deol_Lynda_Pooja_Deol_m_1984,"Lynda ""Pooja"" Deol​(m.1984)​",True,
terminal_Bobby_Deol_Tanya_Ahuja_Deol_m_1996,Tanya Ahuja Deol​(m.1996)​,True,
Kaifi_Azmi,Kaifi Azmi,False,
Shaukat_Kaifi,Shaukat Kaifi,False,
Baba_Azmi,Baba Azmi,False,
List_of_Hindi_film_families#Akhtar–Azmi–Kher_family,Akhtar-Azmi family,False,
Adhuna_Bhabani,Adhuna Bhabani,False,
Shibani_Dandekar,Shibani Dandekar,False,
List_of_Hindi_film_clans#Akhtar-Azmi_family,Akhtar family,False,
Jan_Nisar_Akhtar,Jan Nisar Akhtar,False,
terminal_Ansar_Harvani_Sahaibzadi_Gauhar_Ara,Sahaibzadi Gauhar Ara,True,
terminal_Ansar_Harvani_1_son_and_3_daughters,1 son and 3 daughter,True,
terminal_Salman_Akhtar_Monisha_Nayar,Monisha Nayar,True,
Kabir_Akhtar,Kabir Akhtar,False,
terminal_Daisy_Irani_(actress)_K_K_Shukla_m_1971_died_1993,K. K. Shukla​​(m.1971; died 1993)​,True,
Shirish_Kunder,Shirish Kunder,False,
Ayan_Mukerji,Ayan Mukerji,False,
Sashadhar_Mukherjee,Sashadhar Mukherjee,False,
terminal_Rajendra_Kumar_Shukla_Tuli_1999,Shukla Tuli (?–1999),True,
Kumar_Gaurav,Kumar Gaurav,False,
Raju_Patel,Raju Patel,False,
O._P._Ralhan,O. P. Ralhan,False,
Sulbha_Arya,Sulbha Arya,False,
terminal_Ishan_Arya_Sameer_Arya_Sagar_Arya,"Sameer Arya, Sagar Arya",True,
List_of_Hindi_film_families#Akhtar-Azmi_family,Akhtar-Azmi family,False,
terminal_Shahzad_Sheikh_Hina_Mir_m_2012,Hina Mir​(m.2012)​,True,
terminal_Saleem_Sheikh_Nosheen_Saleem_1999_present,Nosheen Saleem (1999–present),True,
Shahroz_Sabzwari,Shahroz Sabzwari,False,
Javed_Sheikh,Javed Sheikh,False,
Syra_Yousuf,Syra Yousuf,False,
Sadaf_Kanwal,Sadaf Kanwal,False,
Sivakumar,Sivakumar,False,
Satyendranath_Tagore,Satyendranath Tagore,False,
Jnanadanandini_Devi,Jnanadanandini Devi,False,
Pratima_Devi_(painter),Pratima Devi,False,
terminal_Rathindranath_Tagore_Nandini_adopted_Jayabrato_foster,Nandini (adopted)Jayabrato (foster),True,
Hrithik_Roshan,Hrithik Roshan,False,
terminal_Sussanne_Khan_Zarine_khan_died_7_November_2025_mother,Zarine khan (died 7 November 2025) (mother),True,
terminal_Zayed_Khan_Malaika_Parekh_m_2005,Malaika Parekh​(m.2005)​,True,
terminal_Zayed_Khan_Zarine_Khan_mother,Zarine Khan (mother),True,
terminal_Feroz_Khan_(actor)_Sundari_Khan_m_1965_div_1985,Sundari Khan​​(m.1965;div.1985)​,True,
List_of_Hindi_film_families#Khan_family_(of_Feroz_Khan),Family detail,False,
terminal_Fardeen_Khan_Natasha_Madhvani_m_2005,Natasha Madhvani​(m.2005)​,True,
terminal_Sharman_Joshi_Prerana_Chopra_m_2000,Prerana Chopra​(m.2000)​,True,
Arvind_Joshi,Arvind Joshi,False,
List_of_Hindi_film_clans#Roy–Joshi–Irani-Desai_family,Roy–Joshi–Irani-Desai family,False,
terminal_Vikas_Bhalla_Punita_Chopra_m_1996,Punita Chopra​(m.1996)​,True,
terminal_Vikas_Bhalla_Sanchi_Bhalla_daughter_Veer_Bhalla_son,Sanchi Bhalla (daughter)Veer Bhalla (son),True,
Dilip Kumar,Dilip Kumar,False,
Saira_Banu,Saira Banu,False,
terminal_Nasir_Khan_(actor)_Suraya_Nazir,Suraya Nazir,True,
K._Asif,K. Asif,False,
Niharika_Bhasin,Niharika Bhasin,False,
terminal_Ayub_Khan_(actor)_Tahura_Khan_daughter,Tahura Khan (daughter),True,
terminal_Ayub_Khan_(actor)_Zayra_Khan_daughter,Zayra Khan (daughter),True,
List_of_Hindi_film_families#Khan-Banu_family_(of_Yusuf_Khan_aka_Dilip_Kumar_and_Saira_Banu),Dilip Kumar family,False,
"Kaikhusrau_Jahan,_Begum_of_Bhopal",Kaikhusrau Jahan,False,
Moti_Lal_Kemmu,Moti Lal Kemmu,False,
terminal_Shobhana_Samarth_Prabhakar_Shilotri_father,Prabhakar Shilotri (father),True,
terminal_Nutan_Rajnish_Bahl_m_1959,Rajnish Bahl​(m.1959)​,True,
Mohnish_Bahl,Mohnish Bahl,False,
terminal_Aditya_Chopra_Payal_Khanna_m_2001_div_2009,Payal Khanna​​(m.2001;div.2009)​,True,
Yash Chopra,Yash Chopra,False,
Pamela_Chopra,Pamela Chopra,False,
List_of_Hindi_film_clans#Chopra-Johar_family,Chopra,False,
Tanvi_Azmi,Tanvi Azmi,False,
Anusha_Dandekar,Anusha Dandekar,False,
terminal_Jan_Nisar_Akhtar_Safiya_Siraj_ul_Haq,Safiya Siraj-ul Haq,True,
terminal_Jan_Nisar_Akhtar_Khadija_Talat,Khadija Talat,True,
terminal_Sashadhar_Mukherjee_Sati_Devi,Sati Devi,True,
Joy_Mukherjee,Joy Mukherjee,False,
Ashok_Kumar,Ashok Kumar,False,
Anoop_Kumar,Anoop Kumar,False,
Kishore_Kumar,Kishore Kumar,False,
terminal_Kumar_Gaurav_Namrata_Dutt_m_1984,Namrata Dutt​(m.1984)​,True,
Sunil_Dutt,Sunil Dutt,False,
Nargis,Nargi,False,
Sanjay_Dutt,Sanjay Dutt,False,
terminal_Raju_Patel_Dimple_Kumar,Dimple Kumar,True,
terminal_Javed_Sheikh_Zinat_Mangi,Zinat Mangi,True,
Alishba_Yousuf,Alishba Yousuf,False,
Salma_Mumtaz,Salma Mumtaz,False,
Shammi_(Pakistani_actress),Shammi,False,
Nida_Mumtaz,Nida Mumtaz,False,
Riya_Sen,Riya Sen,False,
terminal_Riya Sen_Shivam_Tewari_m_2017,Shivam Tewari​(m.2017)​,True,
Moon_Moon_Sen,Moon Moon Sen,False,
Raima_Sen,Raima Sen,False,
Suchitra_Sen,Suchitra Sen,False,
Namrata Shirodkar,Namrata Shirodkar,False,
Mahesh_Babu,Mahesh Babu,False,
Shilpa_Shirodkar,Shilpa Shirodkar,False,
Kumar Sanu,Kumar Sanu,False,
Nirupa Roy,Nirupa Roy,False,
terminal_Nirupa Roy_Kamal_Roy_m_1946,Kamal Roy​(m.1946)​,True,
Karan Johar,Karan Johar,False,
Yash_Johar,Yash Johar,False,
List_of_Hindi_film_families#Chopra-Johar_family,Chopra-Johar family,False,
Nitin Mukesh,Nitin Mukesh,False,
terminal_Nitin Mukesh_Nishi_Mukesh_Mathur,Nishi Mukesh Mathur,True,
Vijay Anand (filmmaker),Vijay Anand (filmmaker),False,
Anand-Sahni_family,Anand-Sahni family,False,
Mala Sinha,Mala Sinha,False,
terminal_Mala Sinha_Chidambaram_Prasad_Lohani_m_1966_died_2024,Chidambaram Prasad Lohani​​(m.1966; died 2024)​,True,
Pratibha_Sinha,Pratibha Sinha,False,
Suresh Gopi,Suresh Gopi,False,
Gokul_Suresh,Gokul Suresh,False,
Aranmula_Ponnamma,Aranmula Ponnamma,False,
Vidya Balan,Vidya Balan,False,
Siddharth_Roy_Kapur,Siddharth Roy Kapur,False,
Manoj Bajpayee,Manoj Bajpayee,False,
Shabana_Raza,Shabana Raza,False,
Prakash Padukone,Prakash Padukone,False,
Sohail_Khan,Sohail Khan,False,
terminal_Sohail Khan_Seema_Sajdeh_m_1998_div_2022,Seema Sajdeh​​(m.1998;div.2022)​,True,
Salman_Khan,Salman Khan,False,
Arbaaz_Khan,Arbaaz Khan,False,
Alvira_Khan_Agnihotri,Alvira Khan Agnihotri,False,
Salim_Khan_family,Salim Khan family,False,
Parveen Babi,Parveen Babi,False,
Anu Malik,Anu Malik,False,
terminal_Anu Malik_Anjali_Vasudev_Bhat,Anjali Vasudev Bhat,True,
Anmol_Malik,Anmol Malik,False,
terminal_Anu Malik_Ada_Malik_daughter,Ada Malik (daughter),True,
Daboo_Malik,Daboo Malik,False,
Amaal_Mallik,Amaal Mallik,False,
Armaan_Malik,Armaan Malik,False,
Hasrat_Jaipuri,Hasrat Jaipuri,False,
Shobana,Shobana,False,
Travancore_sisters,Travancore sister,False,
Vineeth,Vineeth,False,
Parvathy_Jayaram,Parvathy,False,
Shekhar Kapur,Shekhar Kapur,False,
terminal_Shekhar Kapur_Medha_Gujral_m_1984_div_1994,Medha Gujral​​(m.1984;div.1994)​,True,
Suchitra_Krishnamoorthi,Suchitra Krishnamoorthi,False,
Sohaila_Kapur,Sohaila Kapur,False,
Dev_Anand,Dev Anand,False,
Vijay_Anand_(filmmaker),Vijay Anand,False,
Purab_Kohli,Purab Kohli,False,
Manisha_Koirala,Manisha Koirala,False,
terminal_Manisha Koirala_Samrat_Dahal_m_2010_div_2012,Samrat Dahal​​(m.2010;div.2012)​,True,
Prakash_Koirala,Prakash Koirala,False,
Koirala_family,Koirala family,False,
Amol Palekar,Amol Palekar,False,
terminal_Amol Palekar_Kamalakar_Palekar_father,Kamalakar Palekar (father),True,
terminal_Amol Palekar_Suhasini_Palekar_mother,Suhasini Palekar (mother),True,
Rimi Sen,Rimi Sen,False,
terminal_Rimi Sen_Sanghamitra_Sen,Sanghamitra Sen,True,
Vivek Oberoi,Vivek Oberoi,False,
terminal_Vivek Oberoi_Priyanka_Alva_Oberoi_m_2010,Priyanka Alva Oberoi​​(m.2010)​,True,
Irrfan Khan,Irrfan Khan,False,
terminal_Irrfan Khan_Sutapa_Sikdar_m_1995,Sutapa Sikdar​(m.1995)​,True,
Babil_Khan,Babil,False,
Paresh Rawal,Paresh Rawal,False,
Swaroop_Sampat,Swaroop Sampat,False,
Aditya_Rawal,Aditya Rawal,False,
Rahul Bose,Rahul Bose,False,
S._P._P._Thorat,S. P. P. Thorat,False,
Bipin Chandra Pal,Bipin Chandra Pal,False,
Balraj Sahni,Balraj Sahni,False,
Parikshit_Sahni,Parikshit Sahni,False,
Bhisham_Sahni,Bhisham Sahni,False,
Anand%E2%80%93Sahni_family,Anand–Sahni family,False,
Kamal_Haasan,Kamal Haasan,False,
Vani_Ganapathy,Vani Ganapathy,False,
Sarika_Thakur,Sarika Thakur,False,
Shruti_Haasan,Shruti,False,
Akshara_Haasan,Akshara,False,
terminal_Kamal Haasan_Srinivasan_father,Srinivasan (father),True,
terminal_Kamal Haasan_Rajalakshmi_mother,Rajalakshmi (mother),True,
List_of_South_Indian_film_families#Haasan_family,Haasan family,False,
Asha_Bhosle,Asha Bhosle,False,
R._D._Burman,R. D. Burman,False,
Varsha_Bhosle,Varsha Bhosle,False,
Deenanath_Mangeshkar,Deenanath Mangeshkar,False,
List_of_Hindi_film_families#Mangeshkar-Hardikar-Abhisheki-Kolhapure_extended_family,See list,False,
Mangeshkar_family,Mangeshkar family,False,
Manikya_dynasty,Manikya dynasty,False,
terminal_R. D. Burman_Rita_Patel_m_1966_div_1971,Rita Patel​​(m.1966;div.1971)​,True,
S._D._Burman,S. D. Burman,False,
Meera_Dev_Burman,Meera Dev Burman,False,
Gracy Singh,Gracy Singh,False,
terminal_Dilip Kumar_Asma_Rehman_m_1981_div_1983,Asma Rehman​​(m.1981;div.1983)​,True,
Mian_Ehsan-ul-Haq,Mian Ehsan-ul-Haq,False,
Naseem_Banu,Naseem Banu,False,
Sayyeshaa,Sayyeshaa,False,
Kajjanbai,Kajjanbai,False,
Jeetendra,Jeetendra,False,
Shobha_Kapoor,Shobha Kapoor,False,
Ekta_Kapoor,Ekta Kapoor,False,
Tusshar_Kapoor,Tusshar Kapoor,False,
Abhishek_Kapoor,Abhishek Kapoor,False,
Gayatri Joshi,Gayatri Joshi,False,
terminal_Gayatri Joshi_Vikas_Oberoi_m_2005,Vikas Oberoi​(m.2005)​,True,
Vidhu Vinod Chopra,Vidhu Vinod Chopra,False,
Renu_Saluja,Renu Saluja,False,
terminal_Vidhu Vinod Chopra_Shabnam_Sukhdev_m_1985_div_1989,Shabnam Sukhdev​​(m.1985;div.1989)​,True,
Anupama_Chopra,Anupama Chandra,False,
Zuni_Chopra,Zuni Chopra,False,
Agni_Chopra,Agni Chopra,False,
Ramanand_Sagar,Ramanand Sagar,False,
Kamna_Chandra,Kamna Chandra,False,
Vikram_Chandra_(novelist),Vikram Chandra,False,
Tanuja_Chandra,Tanuja Chandra,False,
Kabir_Bedi,Kabir Bedi,False,
Protima_Bedi,Protima Gauri,False,
terminal_Kabir Bedi_Susan_Humphreys_m_1980_div_1990,Susan Humphreys​​(m.1980;div.1990)​,True,
Nikki_Bedi,Nikki Moolgaoker,False,
terminal_Kabir Bedi_Parveen_Dusanj_m_2016,Parveen Dusanj​(m.2016)​,True,
Pooja_Bedi,Pooja,False,
Freda_Bedi,Freda Bedi,False,
Alaya_F,Alaya F,False,
Malaika_Arora,Malaika Arora,False,
Amrita_Arora,Amrita Arora,False,
Rinke_Khanna,Rinke Khanna,False,
terminal_Rinke Khanna_Samir_Saran_m_2003,Samir Saran​(m.2003)​,True,
Rajesh_Khanna,Rajesh Khanna,False,
Dimple_Kapadia,Dimple Kapadia,False,
Twinkle_Khanna,Twinkle Khanna,False,
List_of_Hindi_film_families#Khanna-Kapadia-Bhatia_family,Khanna family,False,
terminal_Suchitra Sen_Dibanath_Sen_m_1947_died_1970,Dibanath Sen​​(m.1947; died 1970)​,True,
terminal_Esha Deol_Bharat_Takhtani_m_2012_div_2024,Bharat Takhtani​​(m.2012;div.2024)​,True,
Gulshan Rai,Gulshan Rai,False,
Rajiv_Rai,Rajiv Rai,False,
Amrish Puri,Amrish Puri,False,
terminal_Amrish Puri_Urmila_Diveker_m_1957,Urmila Diveker​(m.1957)​,True,
Chaman_Puri,Chaman Puri,False,
Madan_Puri,Madan Puri,False,
K._L._Saigal,K. L. Saigal,False,
Vardhan_Puri,Vardhan Puri,False,
Shah Rukh Khan,Shah Rukh Khan,False,
Gauri_Khan,Gauri Chhibber,False,
Aryan_Khan,Aryan,False,
Suhana_Khan,Suhana,False,
Rajinikanth,Rajinikanth,False,
Latha_Rajinikanth,Latha Rajinikanth,False,
Aishwarya_Rajinikanth,Aishwarya,False,
Soundarya_Rajinikanth,Soundarya,False,
List_of_South_Indian_film_families#Rajinikanth_family,Rajinikanth family,False,
K. L. Saigal,K. L. Saigal,False,
Mohanlal,Mohanlal,False,
terminal_Mohanlal_Suchitra_m_1988,Suchitra​(m.1988)​,True,
Pranav_Mohanlal,Pranav Mohanlal,False,
K._Balaji,K. Balaji,False,
Suresh_Balaje,Suresh Balaje,False,
B._Unnikrishnan,B. Unnikrishnan,False,
Arjun Rampal,Arjun Rampal,False,
Mehr_Jesia,Mehr Jesia,False,
Tabu (actress),Tabu (actress),False,
Ashok Kumar,Ashok Kumar,False,
terminal_Ashok Kumar_Shobha_Devi_m_1935,Shobha Devi​(m.1935)​,True,
Preeti_Ganguly,Preeti Ganguly,False,
Suraiya,Suraiya,False,
Lara Dutta,Lara Dutta,False,
Mahesh_Bhupathi,Mahesh Bhupathi,False,
Amrita Rao,Amrita Rao,False,
terminal_Amrita Rao_Anmol_Sood_m_2016,Anmol Sood​(m.2016)​,True,
Preetika_Rao,Preetika Rao,False,
Raveena Tandon,Raveena Tandon,False,
terminal_Raveena Tandon_Anil_Thadani_m_2004,Anil Thadani​(m.2004)​,True,
Ravi_Tandon,Ravi Tandon,False,
Rakhee_Tandon_(actress),Rakhee Tandon,False,
Mac_Mohan,Mac Mohan,False,
Manjari_Makijany,Manjari Makijany,False,
Kiran_Rathod,Kiran Rathod,False,
Fatma Begum,Fatma Begum,False,
Sidi_Ibrahim_Muhammad_Yakut_Khan_III,Nawab Sidi Ibrahim Muhammad Yakut Khan III,False,
Zubeida,Zubeida,False,
Sultana_(actress),Sultana,False,
Jamila_Razzaq,Jamila Razzaq,False,
Rhea_Pillai,Rhea Pillai,False,
Sunny Leone,Sunny Leone,False,
Bhumika Chawla,Bhumika Chawla,False,
terminal_Bhumika Chawla_Bharath_Thakur_m_2007,Bharath Thakur​(m.2007)​,True,
Sanjeev Kumar,Sanjeev Kumar,False,
Juhi Chawla,Juhi Chawla,False,
Jay_Mehta,Jay Mehta,False,
Victor Banerjee,Victor Banerjee,False,
terminal_Victor Banerjee_Maya_Bhate_Banerjee,Maya Bhate Banerjee,True,
Rituparna Sengupta,Rituparna Sengupta,False,
terminal_Rituparna Sengupta_Sanjay_Chakrabarty_m_1999,Sanjay Chakrabarty​(m.1999)​,True,
Shahid Kapoor,Shahid Kapoor,False,
terminal_Shahid Kapoor_Mira_Rajput_m_2015,Mira Rajput​(m.2015)​,True,
List_of_Hindi_film_families#Kapur–Pathak–Shah–Pahwa_family,Kapoor family,False,
Aamir Khan,Aamir Khan,False,
terminal_Aamir Khan_Reena_Dutta_m_1986_div_2002,Reena Dutta​​(m.1986;div.2002)​,True,
Kiran_Rao,Kiran Rao,False,
Junaid_Khan_(Indian_actor),Junaid Khan,False,
Tahir_Hussain,Tahir Hussain,False,
List_of_Hindi_film_families#Khan–Hussain_family_(of_Nasir_Hussain),Khan–Hussain family,False,
Lata Mangeshkar,Lata Mangeshkar,False,
terminal_Lata Mangeshkar_Shevanti_Mangeshkar_mother,Shevanti Mangeshkar (mother),True,
Prem_Nazir,Prem Nazir,False,
terminal_Prem Nazir_Habeeba_Beevi_m_1954,Habeeba Beevi​(m.1954)​,True,
Shanavas_(actor),Shanava,False,
Prem_Nawas,Prem Nawa,False,
Mukesh (singer),Mukesh (singer),False,
terminal_Mukesh (singer)_Saral_Trivedi_Raichand_m_1946,Saral Trivedi Raichand​​(m.1946)​,True,
Nitin_Mukesh,Nitin Mukesh,False,
Neil_Nitin_Mukesh,Neil Nitin Mukesh,False,
Mehmood (actor),Mehmood (actor),False,
Lucky_Ali,Lucky Ali,False,
Macky_Ali,Macky Ali,False,
Ginny_Ali,Ginny Ali,False,
Mehmood_Ali_family,Mehmood Ali family,False,
Meera Jasmine,Meera Jasmine,False,
terminal_Meera Jasmine_John_Titus_m_2014,John Titus​(m.2014)​,True,
Pooja Bedi,Pooja Bedi,False,
terminal_Pooja Bedi_Farhan_Ebrahim_Furniturewala_m_1994_div_2003,Farhan Ebrahim Furniturewala​​(m.1994;div.2003)​,True,
Sangeeta Bijlani,Sangeeta Bijlani,False,
Mohammad_Azharuddin,Mohammad Azharuddin,False,
Jayan,Jayan,False,
terminal_Jayan_Madhavan_Pillai,Madhavan Pillai,True,
terminal_Jayan_Bharathiyamma,Bharathiyamma,True,
Jayabharathi,Jayabharathi,False,
Nauheed Cyrusi,Nauheed Cyrusi,False,
terminal_Nauheed Cyrusi_Rustom_Contractor_m_2017,Rustom Contractor​(m.2017)​,True,
Hridaynath Mangeshkar,Hridaynath Mangeshkar,False,
Madhuri Dixit,Madhuri Dixit,False,
terminal_Madhuri Dixit_Shriram_Madhav_Nene_m_1999,Shriram Madhav Nene​(m.1999)​,True,
Salim_Khan,Salim Khan,False,
Helen_(actress),Helen,False,
Om Puri,Om Puri,False,
Seema_Kapoor,Seema Kapoor,False,
Rakesh Roshan,Rakesh Roshan,False,
terminal_Rakesh Roshan_Pinkie_Roshan_m_1970,Pinkie Roshan​(m.1970)​,True,
Roshan_(music_director),Roshan,False,
Ira_Roshan,Ira Roshan,False,
List_of_Hindi_film_clans#Nagrath_family_(Roshan_family),Roshan family,False,
Ruma_Guha_Thakurta,Ruma Ghosh,False,
Madhubala,Madhubala,False,
Yogeeta_Bali,Yogeeta Bali,False,
Leena_Chandavarkar,Leena Chandavarkar,False,
Amit_Kumar,Amit,False,
Celina Jaitly,Celina Jaitly,False,
terminal_Celina Jaitly_Peter_Haag_m_2011,Peter Haag​(m.2011)​,True,
terminal_Celina Jaitly_4_1_deceased,4 (1 deceased),True,
Chanchal_(actress),Chanchal,False,
Mani Ratnam,Mani Ratnam,False,
Suhasini_Maniratnam,Suhasini Charuhasan,False,
G._Venkateswaran,G. Venkateswaran,False,
Charuhasan,Charuhasan,False,
Ritwik_Ghatak,Ritwik Ghatak,False,
Aroma_Dutta,Aroma Dutta,False,
Manish_Ghatak,Manish Ghatak,False,
Mahasweta_Devi,Mahasweta Devi,False,
Parambrata_Chatterjee,Parambrata Chatterjee,False,
Nabarun_Bhattacharya,Nabarun Bhattacharya,False,
Bijon_Bhattacharya,Bijon Bhattacharya,False,
Sushmita Sen,Sushmita Sen,False,
Richa_Sharma_(actress),Richa Sharma,False,
Manyata_Dutt,Manyata Dutt,False,
Nargis_Dutt,Nargis Dutt,False,
List_of_Hindi_film_clans#Dutt_family_(of_Sunil_Dutt),Dutt family,False,
Saeed Jaffrey,Saeed Jaffrey,False,
Madhur_Jaffrey,Madhur Jaffrey,False,
Sakina_Jaffrey,Sakina Jaffrey,False,
Kiara_Advani,Kiara Advani,False,
Dr. Rajkumar,Dr. Rajkumar,False,
Parvathamma_Rajkumar,Parvathamma Rajkumar,False,
Shiva_Rajkumar,Shiva,False,
Raghavendra_Rajkumar,Raghavendra,False,
Puneeth_Rajkumar,Puneeth,False,
List_of_South_Indian_film_families#Rajkumar_family,Rajkumar family,False,
Bharat Bhushan,Bharat Bhushan,False,
terminal_Bharat Bhushan_Anuradha_BhushanAparajita_Bhushan,Anuradha BhushanAparajita Bhushan,True,
Meera (Pakistani actress),Meera (Pakistani actress),False,
Kalpana_Kartik,Kalpana Kartik,False,
Suneil_Anand,Suneil Anand,False,
List_of_Hindi_film_clans#Anand–Sahni_family,Anand-Sahni family,False,
Raaj Kumar,Raaj Kumar,False,
terminal_Raaj Kumar_Gayatri_Kumar,Gayatri Kumar,True,
Puru_Raaj_Kumar,Puru Raaj Kumar,False,
Mammootty,Mammootty,False,
terminal_Mammootty_Sulfath_m_1979,Sulfath​(m.1979)​,True,
Dulquer_Salmaan,Dulquer Salmaan,False,
List_of_Hindi_film_families#Mammootty_family,Mammootty family,False,
Mallika Sherawat,Mallika Sherawat,False,
terminal_Mallika Sherawat_Karan_Singh_Gill_m_1997_divorced,"Karan Singh Gill​​(m.1997, divorced)​",True,
Soundarya,Soundarya,False,
terminal_Soundarya_G_S_Raghu_m_2003,G. S. Raghu (m.2003),True,
Suniel Shetty,Suniel Shetty,False,
terminal_Suniel Shetty_Monisha_Kadri_m_1991,Monisha Kadri​(m.1991)​,True,
Athiya_Shetty,Athiya Shetty,False,
Ahan_Shetty,Ahan Shetty,False,
KL_Rahul,KL Rahul,False,
Subodh Mukherjee,Subodh Mukherjee,False,
Preeti Jhangiani,Preeti Jhangiani,False,
Parvin_Dabbas,Parvin Dabba,False,
Minissha Lamba,Minissha Lamba,False,
terminal_Minissha Lamba_Ryan_Tham_m_2015_div_2020,Ryan Tham​​(m.2015;div.2020)​,True,
Akshay_Kumar,Akshay Kumar,False,
Shakti Kapoor,Shakti Kapoor,False,
Siddhanth_Kapoor,Siddhanth Kapoor,False,
Shraddha_Kapoor,Shraddha Kapoor,False,
List_of_Hindi_film_families#Kapoor_family_(of_Shakti_Kapoor),Kapoor family,False,
Simple_Kapadia,Simple Kapadia,False,
Preity Zinta,Preity Zinta,False,
terminal_Preity Zinta_Gene_Goodenough_m_2016,Gene Goodenough​(m.2016)​,True,
Rani Mukerji,Rani Mukerji,False,
Uday_Chopra,Uday Chopra,False,
List_of_Hindi_film_families#Chopra_family,Chopra family,False,
Nikki Bedi,Nikki Bedi,False,
Lucky Ali,Lucky Ali,False,
Mumtaz (Indian actress),Mumtaz (Indian actress),False,
Mayur_Madhvani,Mayur Madhvani,False,
terminal_Mumtaz (Indian actress)_2_Natasha_and_Tanya,2 (Natasha and Tanya),True,
Malika_Askari,Malika,False,
Randhawa_(wrestler),Randhawa,False,
Shaad_Randhawa,Shaad Randhawa,False,
Ameesha Patel,Ameesha Patel,False,
Ashmit_Patel,Ashmit Patel,False,
Rajni_Patel,Rajni Patel,False,
Anupam Kher,Anupam Kher,False,
Kirron_Kher,Kirron Kher,False,
Sikandar_Kher,Sikandar Kher,False,
Raju_Kher,Raju Kher,False,
Udit Narayan,Udit Narayan,False,
terminal_Udit Narayan_Ranjana_Jha_m_1984_separated,"Ranjana Jha​​(m.1984, separated)​",True,
terminal_Udit Narayan_Deepa_Gahatraj_m_1985,Deepa Gahatraj​(m.1985)​,True,
Aditya_Narayan,Aditya Narayan,False,
Shweta_Agarwal,Shweta Agarwal,False,
Neha Dhupia,Neha Dhupia,False,
Angad_Bedi,Angad Bedi,False,
terminal_Suchitra_Sen_Dibanath_Sen_m_1947_died_1970,Dibanath Sen​​(m.1947; died 1970)​,True,
Krishna_(Telugu_actor),Krishna,False,
List_of_South_Indian_film_families#Ghattamaneni_family,Ghattamaneni family,False,
terminal_Shilpa_Shirodkar_Aparesh_Ranjit_m_2000,Aparesh Ranjit​(m.2000)​,True,
terminal_Yash_Johar_Hiroo_Johar_m_1971,Hiroo Johar​(m.1971)​,True,
terminal_Gokul_Suresh_Radhika_Nair_mother,Radhika Nair (mother),True,
terminal_Aranmula_Ponnamma_Kochu_Krishna_Pillai,Kochu Krishna Pillai,True,
terminal_Aranmula_Ponnamma_RajammaRajashekharan,RajammaRajashekharan,True,
List_of_Hindi_film_clans#Roy_Kapur—Balan_family,Roy Kapur family,False,
Atul_Agnihotri,Atul Agnihotri,False,
Alizeh_Agnihotri,Alizeh Agnihotri,False,
List_of_Hindi_film_clans#Khan_family_(of_Salim_Khan),Khan family,False,
terminal_Daboo_Malik_Jyothi_Malik,Jyothi Malik,True,
Sardar_Malik,Sardar Malik,False,
terminal_Armaan_Malik_Aashna_Shroff_m_2025,Aashna Shroff​(m.2025)​,True,
terminal_Vineeth_Priscilla_Menon_m_2004,Priscilla Menon​(m.2004)​,True,
Jayaram,Jayaram,False,
Kalidas_Jayaram,Kalidas Jayaram,False,
terminal_Sohaila_Kapur_Anirudh_Limaye_divorced,Anirudh Limaye​(divorced)​,True,
terminal_Sohaila_Kapur_Anil_Charnalia_died_1999,Anil Charnalia​(died; 1999)​,True,
List_of_Hindi_film_families#Anand-Sahni_family,Anand-Sahni family,False,
terminal_Purab_Kohli_Lucy_Payton_m_2016,Lucy Payton (m. 2016),True,
Vishal_Anand,Vishal Anand,False,
Siddharth_Koirala,Siddharth Koirala,False,
terminal_Parikshit_Sahni_Aruna_Kapoor_died,Aruna Kapoor (died),True,
terminal_Parikshit_Sahni_Dr_Nandini_Sahni,Dr. Nandini Sahni,True,
List_of_South_Indian_film_families#Kamal_Haasan_family,Haasan family,False,
List_of_Indian_film_families#Haasan_family,Haasan family,False,
terminal_R._D._Burman_Rita_Patel_m_1966_div_1971,Rita Patel​​(m.1966;div.1971)​,True,
terminal_Varsha_Bhosle_Hemant_Kenkre_before_1998,Hemant Kenkre​(before 1998)​,True,
Chamiyan_Bai,Chamiyan Bai,False,
Arya_(actor),Arya,False,
Sumeet_Saigal,Sumeet Saigal,False,
terminal_Sayyeshaa_Shaheen_Banu_mother,Shaheen Banu (mother),True,
Sathya_(Tamil_actor),Sathya,False,
Farah_(actress),Farah,False,
Tushar_Kapoor,Tushar Kapoor,False,
Pragya_Yadav,Pragya Yadav,False,
Sudhir_Mishra,Sudhir Mishra,False,
Radha_Saluja,Radha Saluja,False,
terminal_Ramanand_Sagar_Leelavati_Sagar,Leelavati Sagar,True,
terminal_Vikram_Chandra_(novelist)_Melanie_Abrams_divorced,Melanie Abrams (divorced),True,
terminal_Pooja_Bedi_Farhan_Ebrahim_Furniturewala_m_1994_div_2003,Farhan Ebrahim Furniturewala​​(m.1994;div.2003)​,True,
terminal_Freda_Bedi_Baba_Pyare_Lal_Bedi_m_1933,Baba Pyare Lal Bedi​(m.1933)​,True,
List_of_Hindi_film_families#Bedi_family_(of_Kabir_Bedi),Bedi family,False,
terminal_Amrita_Arora_Shakeel_Ladak_m_2009,Shakeel Ladak​(m.2009)​,True,
terminal_Riya_Sen_Shivam_Tewari_m_2017,Shivam Tewari​(m.2017)​,True,
Sonam_(actress),Sonam,False,
terminal_Madan_Puri_Ramesh_Puri_Son_Hindi_movie_Director,Ramesh Puri  ( Son ) Hindi movie Director,True,
terminal_Aryan_Khan_Suhana_Khan_sister,Suhana Khan (sister),True,
Ravi_Raghavendra,Ravi Raghavendra,False,
Y._G._Mahendran,Y. G. Mahendran,False,
Anirudh_Ravichander,Anirudh Ravichander,False,
Dhanush,Dhanush,False,
terminal_Soundarya_Rajinikanth_Ashwin_Ramkumar_m_2010_div_2017,Ashwin Ramkumar​​(m.2010;div.2017)​,True,
terminal_Soundarya_Rajinikanth_Vishagan_Vanangamudi_m_2019,Vishagan Vanangamudi​​(m.2019)​,True,
Suchitra_Mohanlal,Suchitra Mohanlal,False,
Vismaya_Mohanlal,Vismaya Mohanlal,False,
List_of_South_Indian_film_families#Mohanlal-Balaji_family,Mohanlal-Balaji family,False,
terminal_K._Balaji_Anandavalli_died_1996,Anandavalli​(died 1996)​,True,
T._Rangachari,T. Rangachari,False,
Rajalakshmi_Parthasarathy,Yecha Gunja Rajalakshmi,False,
Y._G._Mahendra,Y. G. Mahendra,False,
terminal_Suresh_Balaje_Usha_Suresh,Usha Suresh,True,
terminal_B._Unnikrishnan_Rajeswari_Menon,Rajeswari Menon,True,
terminal_Rakhee_Tandon_(actress)_Rajiv_Tandon_m_2004_div_2010,Rajiv Tandon​​(m.2004;div.2010)​,True,
terminal_Mac_Mohan_Minny_Makijany_m_1986,Minny Makijany​(m.1986)​,True,
terminal_Sidi_Ibrahim_Muhammad_Yakut_Khan_III_Abdul_Kadir_Khan,Abdul Kadir Khan,True,
terminal_Zubeida_Maharaj_Narsingir_Dhanrajgir_Gyan_Bahadur,Maharaj Narsingir Dhanrajgir Gyan Bahadur,True,
terminal_Sultana_(actress)_Seth_Razzaq_husband,Seth Razzaq (husband),True,
Waqar_Hasan,Waqar Hasan,False,
Pervez_Sajjad,Pervez Sajjad,False,
terminal_Rinke_Khanna_Samir_Saran_m_2003,Samir Saran​(m.2003)​,True,
Nanji_Kalidas_Mehta,Nanji Kalidas Mehta,False,
Shekhar_Mehta,Shekhar Mehta,False,
Aditi_Rao_Hydari,Aditi Rao Hydari,False,
terminal_Tahir_Hussain_Zeenat_Hussain_m_1964,Zeenat Hussain​(m.1964)​,True,
terminal_Shanavas_(actor)_Ayisha,Ayisha,True,
terminal_Shanavas_(actor)_Ajith_Khan_Shameer_Khan,"Ajith Khan, Shameer
Khan",True,
terminal_Shanavas_(actor)_Habeeba_Beevi,Habeeba Beevi,True,
terminal_Prem_Nawas_Sulochana,Sulochana,True,
terminal_Prem_Nawas_Prem_Kishore,Prem Kishore,True,
Shanawas,Shanawa,False,
terminal_Nitin_Mukesh_Nishi_Mukesh_Mathur,Nishi Mukesh Mathur,True,
Mukesh_(singer),Mukesh,False,
Mehmood_Ali,Mehmood Ali,False,
Minoo_Mumtaz,Minoo Mumtaz,False,
terminal_Kabir_Bedi_Susan_Humphreys_m_1980_div_1990,Susan Humphreys​​(m.1980;div.1990)​,True,
terminal_Kabir_Bedi_Parveen_Dusanj_m_2016,Parveen Dusanj​(m.2016)​,True,
terminal_Mohammad_Azharuddin_Naureen_m_1987_div_1996,Naureen​​(m.1987;div.1996)​,True,
terminal_Mohammad_Azharuddin_Shannon_Marie_m_2017,Shannon Marie​(m.2017)​,True,
Mohammad_Asaduddin,Mohammad Asaduddin,False,
Sathaar,Sathaar,False,
Krish_J._Sathaar,Krish J. Sathaar,False,
terminal_Jayabharathi_Shivasankaran_Pillai,Shivasankaran Pillai,True,
terminal_Jayabharathi_Sharada,Sharada,True,
terminal_Salim_Khan_Salma_Khan_Sushila_Charak_m_1964,Salma Khan (Sushila Charak)​​(m.1964)​,True,
terminal_Sohail_Khan_Seema_Sajdeh_m_1998_div_2022,Seema Sajdeh​​(m.1998;div.2022)​,True,
Rajesh_Roshan,Rajesh Roshan,False,
List_of_Hindi_film_clans#Roshan_family,Roshan family,False,
Mithun_Chakraborty,Mithun Chakraborty,False,
Mahaakshay_Chakraborty,Mahaakshay,False,
Ushmey_Chakraborty,Ushmey,False,
Hemlata_(singer),Hemlata,False,
Dayanand_Bandodkar,Dayanand Bandodkar,False,
Shashikala_Kakodkar,Shashikala Kakodkar,False,
terminal_Amit_Kumar_Reema_Ganguly,Reema Ganguly,True,
terminal_Chanchal_(actress)_S_K_Prabhakar_died_Ibrahim,S. K. Prabhakar (died)Ibrahim,True,
terminal_G._Venkateswaran_Sujatha,Sujatha,True,
terminal_Charuhasan_Komalam_m_1953,Komalam​(m.1953)​,True,
terminal_Kamal_Haasan_Srinivasan_father,Srinivasan (father),True,
terminal_Kamal_Haasan_Rajalakshmi_mother,Rajalakshmi (mother),True,
Dhirendranath_Datta,Dhirendranath Datta,False,
Ritwik_Kumar_Ghatak,Ritwik Kumar Ghatak,False,
terminal_Manish_Ghatak_Dharitri_Devi,Dharitri Devi,True,
terminal_Parambrata_Chatterjee_Piya_Chakraborty_m_2023,Piya Chakraborty​(m.2023)​,True,
terminal_Parambrata_Chatterjee_1_child,1 child,True,
Gita_Ghatak,Gita Ghatak,False,
terminal_Nabarun_Bhattacharya_Pranati_Bhattacharya,Pranati Bhattacharya,True,
Mahashweta_Devi,Mahashweta Devi,False,
Priya_Dutt,Priya Dutt,False,
Jaddanbai,Jaddanbai,False,
Sanford_Allen,Sanford Allen,False,
terminal_Madhur_Jaffrey_Zia_Jaffrey,Zia Jaffrey,True,
terminal_Madhur_Jaffrey_Meera_Jaffrey,Meera Jaffrey,True,
Maya_Jaggi,Maya Jaggi,False,
Raghu_Raj_Bahadur,Raghu Raj Bahadur,False,
Sheila_Dhar,Sheila Dhar,False,
terminal_Sakina_Jaffrey_Francis_Wilkinson,Francis Wilkinson,True,
Sidharth_Malhotra,Sidharth Malhotra,False,
Dr._Rajkumar,Rajkumar,False,
List_of_Indian_film_families#Rajkumar_family,Rajkumar family,False,
terminal_Raghavendra_Rajkumar_Mangala,Mangala,True,
Vinay_Rajkumar,Vinay Rajkumar,False,
Yuva_Rajkumar,Yuva Rajkumar,False,
terminal_Puneeth_Rajkumar_Ashwini_Revanth_m_1999,Ashwini Revanth​(m.1999)​,True,
terminal_Puru_Raaj_Kumar_Koraljika_Grdak_m_2011,Koraljika Grdak​(m.2011)​,True,
terminal_Dulquer_Salmaan_Amal_Sufiya_m_2011,Amal Sufiya​(m.2011)​,True,
Sunil_Shetty,Sunil Shetty,False,
terminal_Simple_Kapadia_Rajinder_Singh_Shetty_m_1992_div_1999,Rajinder Singh Shetty​​(m.1992;div.1999)​,True,
Mumtaz_(Indian_actress),Mumtaz,False,
Muljibhai_Madhvani,Muljibhai Madhvani,False,
Nimisha_Madhvani,Nimisha Madhvani,False,
List_of_Hindi_film_clans#Randhawa_family,Randhawa family,False,
Chandrakant_T._Patel,Chandrakant T. Patel,False,
terminal_Raju_Kher_Reema_Kher_m_1986,Reema Kher​(m.1986)​,True,
terminal_Krishna_(Telugu_actor)_Indira_Devi,Indira Devi,True,
Vijaya_Nirmala,Vijaya Nirmala,False,
terminal_Mala_Sinha_Chidambaram_Prasad_Lohani_m_1966_died_2024,Chidambaram Prasad Lohani​​(m.1966; died 2024)​,True,
Rati_Agnihotri,Rati Agnihotri,False,
Tanuj_Virwani,Tanuj Virwani,False,
Alvira_Khan,Alvira Khan,False,
terminal_Sardar_Malik_Bilqis,Bilqi,True,
terminal_Anu_Malik_Anjali_Vasudev_Bhat,Anjali Vasudev Bhat,True,
terminal_Anu_Malik_Ada_Malik_daughter,Ada Malik (daughter),True,
terminal_Kalidas_Jayaram_Tarini_Kalingarayar_m_2024,Tarini Kalingarayar​(m.2024)​,True,
terminal_Shekhar_Kapur_Medha_Gujral_m_1984_div_1994,Medha Gujral​​(m.1984;div.1994)​,True,
terminal_Manisha_Koirala_Samrat_Dahal_m_2010_div_2012,Samrat Dahal​​(m.2010;div.2012)​,True,
terminal_Irrfan_Khan_Sutapa_Sikdar_m_1995,Sutapa Sikdar​(m.1995)​,True,
terminal_Chamiyan_Bai_Nawab_Abdul_Waheed_Khan,Nawab Abdul Waheed Khan,True,
Tabu_(actress),Tabu,False,
Vindu_Dara_Singh,Vindu Dara Singh,False,
terminal_Vidhu_Vinod_Chopra_Shabnam_Sukhdev_m_1985_div_1989,Shabnam Sukhdev​​(m.1985;div.1989)​,True,
Sushmita_Mukherjee,Sushmita Mukherjee,False,
D._N._Mishra,Devendra Nath Mishra,False,
Dwarka_Prasad_Mishra,Dwarka Prasad Mishra,False,
terminal_Radha_Saluja_Samim_Zaidi,Samim Zaidi,True,
terminal_Amrish_Puri_Urmila_Diveker_m_1957,Urmila Diveker​(m.1957)​,True,
terminal_Ravi_Raghavendra_Lakshmi,Lakshmi,True,
terminal_Y._G._Mahendran_Sudha_Mahendra_m_1975,Sudha Mahendra​(m.1975)​,True,
Madhuvanti_Arun,Madhuvanti Arun,False,
Y._G._Parthasarathy,Y. G. Parthasarathy,False,
Rajnikant,Rajnikant,False,
List_of_South_Indian_film_families#Vyjayanthimala_family,Vyjayanthimala family,False,
List_of_South_Indian_film_families#Kasthuri_Raja_family,Kasthuri Raja family,False,
terminal_Suchitra_Mohanlal_Suchitra_m_1988,Suchitra​(m.1988)​,True,
terminal_Vismaya_Mohanlal_Suchitra_m_1988,Suchitra​(m.1988)​,True,
Vyjayanthimala,Vyjayanthimala,False,
terminal_Y._G._Mahendra_Sudha_Mahendra_m_1975,Sudha Mahendra​(m.1975)​,True,
terminal_Amrita_Rao_Anmol_Sood_m_2016,Anmol Sood​(m.2016)​,True,
terminal_Raveena_Tandon_Anil_Thadani_m_2004,Anil Thadani​(m.2004)​,True,
terminal_Nanji_Kalidas_Mehta_Santoshben_Mehta,Santoshben Mehta,True,
terminal_Aamir_Khan_Reena_Dutta_m_1986_div_2002,Reena Dutta​​(m.1986;div.2002)​,True,
Satyadeep_Mishra,Satyadeep Mishra,False,
Siddharth_(actor),Siddharth,False,
Vidya_Rao,Vidya Rao,False,
Tyabji_family,Tyabji–Hydari family,False,
terminal_Prem_Nazir_Habeeba_Beevi_m_1954,Habeeba Beevi​(m.1954)​,True,
terminal_Shanawas_Ayisha,Ayisha,True,
terminal_Shanawas_Ajith_Khan_Shameer_Khan,"Ajith Khan, Shameer
Khan",True,
terminal_Shanawas_Habeeba_Beevi,Habeeba Beevi,True,
terminal_Mukesh_(singer)_Saral_Trivedi_Raichand_m_1946,Saral Trivedi Raichand​​(m.1946)​,True,
terminal_Minoo_Mumtaz_Sayeed_Ali_Akbar,Sayeed Ali Akbar,True,
Mumtaz_Ali,Mumtaz Ali,False,
terminal_Sathaar_Khadar_Pillai,Khadar Pillai,True,
terminal_Sathaar_Fathima,Fathima,True,
terminal_Krish_J._Sathaar_Sonali_Nabeel_m_2020,Sonali Nabeel​(m.2020)​,True,
terminal_Rakesh_Roshan_Pinkie_Roshan_m_1970,Pinkie Roshan​(m.1970)​,True,
terminal_Rajesh_Roshan_2_including_Pashmina_Roshan,"2, including Pashmina Roshan",True,
Helena_Luke,Helena Luke,False,
Mahakshay_Chakraborty,Mahakshay,False,
Namashi_Chakraborty,Namashi,False,
List_of_Hindi_film_clans#Chakraborty_family,Chakraborty family,False,
Madalsa_Sharma,Madalsa Sharma,False,
terminal_Shashikala_Kakodkar_Gurudatt_Kakodkar_m_1963,Gurudatt Kakodkar​(m.1963)​,True,
terminal_Priya_Dutt_Owen_Roncon_m_2003,Owen Roncon​(m.2003)​,True,
List_of_Hindi_film_clans#Dutt_family_.28of_Sunil_Dutt.29,Dutt family,False,
terminal_Jaddanbai_Narottamdas_Khatri,Narottamdas Khatri,True,
terminal_Jaddanbai_Irshad_Meer_Khan,Irshad Meer Khan,True,
terminal_Jaddanbai_Mohanchand_Uttamchand_Dutt_Abdul_Rashid,Mohanchand Uttamchand Dutt (Abdul Rashid),True,
Anwar_Hussain_(actor),Anwar Hussain,False,
List_of_Hindi_film_families#Dutt_family_(of_Sunil_Dutt),Dutt family,False,
terminal_Suniel_Shetty_Monisha_Kadri_m_1991,Monisha Kadri​(m.1991)​,True,
terminal_Sunil_Shetty_Monisha_Kadri_m_1991,Monisha Kadri​(m.1991)​,True,
terminal_Mumtaz_(Indian_actress)_2_Natasha_and_Tanya,2 (Natasha and Tanya),True,
terminal_Nimisha_Madhvani_divorced,divorced,True,
terminal_Udit_Narayan_Ranjana_Jha_m_1984_separated,"Ranjana Jha​​(m.1984, separated)​",True,
terminal_Udit_Narayan_Deepa_Gahatraj_m_1985,Deepa Gahatraj​(m.1985)​,True,
